HOLE,SAMPID,FROM,TO,MidEast,MidNorth,MidRL,YEAR,FE,SIO2,AL2O3,MN,P,S,MGO,LOI,ASS_TO,WTTOT,WtDry_g_BEST,WtSplit_g_BEST,SI_STRATIGRAPHY_D,GEOZONE_D,CAO,K2O_pct_BEST,MnO_pct_BEST,TIO2,LOI425,LOI650,LO1000,CL_PPM,NA_PPM
DH1~61W,NK_6501_61W,0,1.5,542555.1,7436840.8,504.9,1968,-99,-99,-99,-99,-99,-99,-99,-99,-99,-99,-99,-99,JOF,265,-99,-99,-99,-99,-99,-99,-99,-99,-99
DH1~61W,NK_6502_61W,1.5,3,542555.1,7436840.8,503.4,1968,57.5,7,4.5,-0.01,0.24,-99,-99,6.5,100.76,-99,-99,-99,JOF,265,-99,-99,-0.01,-99,-99,-99,-99,-99,-99
DH1~61W,NK_6503_61W,3,4.6,542555.1,7436840.8,501.85,1968,56,8.2,4.3,-0.01,0.03,-99,-99,7.6,100.23,-99,-99,-99,JOF,265,-99,-99,-0.01,-99,-99,-99,-99,-99,-99
DH1~61W,NK_6504_61W,4.6,6.1,542555.1,7436840.8,500.3,1968,58.7,7.3,4.2,-0.01,0.05,-99,-99,4.6,100.14,-99,-99,-99,JOF,265,-99,-99,-0.01,-99,-99,-99,-99,-99,-99
DH1~61W,NK_6505_61W,6.1,7.6,542555.1,7436840.8,498.8,1968,63,5.2,2.1,-0.01,0.05,-99,-99,3,100.49,-99,-99,-99,JOF,242,-99,-99,-0.01,-99,-99,-99,-99,-99,-99
DH1~61W,NK_6506_61W,7.6,9.1,542555.1,7436840.8,497.3,1968,62,4.8,3.3,-0.01,0.07,-99,-99,3.7,100.6,-99,-99,-99,JOF,242,-99,-99,-0.01,-99,-99,-99,-99,-99,-99
DH1~61W,NK_6507_61W,9.1,10.7,542555.1,7436840.8,495.75,1968,63.7,3.6,2.4,-0.01,0.04,-99,-99,3.6,100.76,-99,-99,-99,JOF,242,-99,-99,-0.01,-99,-99,-99,-99,-99,-99
DH1~61W,NK_6508_61W,10.7,12.2,542555.1,7436840.8,494.2,1968,65,2.7,1.1,-0.01,0.03,-99,-99,3.4,100.2,-99,-99,-99,JOF,242,-99,-99,-0.01,-99,-99,-99,-99,-99,-99
DH1~61W,NK_6509_61W,12.2,13.7,542555.1,7436840.8,492.7,1968,64,4.7,1.6,-0.01,0.03,-99,-99,2.7,100.57,-99,-99,-99,JOF,242,-99,-99,-0.01,-99,-99,-99,-99,-99,-99
DH1~61W,NK_6510_61W,13.7,15.2,542555.1,7436840.8,491.2,1968,63.1,3.6,2,-0.01,0.02,-99,-99,4.9,100.76,-99,-99,-99,JOF,242,-99,-99,-0.01,-99,-99,-99,-99,-99,-99
DH1~61W,NK_6511_61W,15.2,16.8,542555.1,7436840.8,489.65,1968,63.9,2.7,2.5,-0.01,0.05,-99,-99,3.3,99.97,-99,-99,-99,JOF,242,-99,-99,-0.01,-99,-99,-99,-99,-99,-99
DH1~61W,NK_6512_61W,16.8,18.3,542555.1,7436840.8,488.1,1968,62.6,3.3,3.4,-0.01,0.05,-99,-99,3.3,99.62,-99,-99,-99,JOF,242,-99,-99,-0.01,-99,-99,-99,-99,-99,-99
DH1~61W,NK_6513_61W,18.3,19.8,542555.1,7436840.8,486.6,1968,60.2,0.6,4.5,-0.01,0.06,-99,-99,6.2,97.51,-99,-99,-99,JOF,242,-99,-99,-0.01,-99,-99,-99,-99,-99,-99
DH1~61W,NK_6514_61W,19.8,21.3,542555.1,7436840.8,485.1,1968,56,4.6,6.8,-0.01,0.03,-99,-99,6.2,97.73,-99,-99,-99,JOF,251,-99,-99,-0.01,-99,-99,-99,-99,-99,-99
DH1~61W,NK_6515_61W,21.3,22.9,542555.1,7436840.8,483.55,1968,59,5.3,6.6,-0.01,0.02,-99,-99,4.6,100.9,-99,-99,-99,JOF,251,-99,-99,-0.01,-99,-99,-99,-99,-99,-99
DH1~61W,NK_6516_61W,22.9,24.4,542555.1,7436840.8,482,1968,45.3,21.4,8,-0.01,0.02,-99,-99,5.2,99.41,-99,-99,-99,JOF,251,-99,-99,-0.01,-99,-99,-99,-99,-99,-99
DH1~61W,NK_6517_61W,24.4,25.9,542555.1,7436840.8,480.5,1968,51.8,19,3,-0.01,0.03,-99,-99,2.5,98.63,-99,-99,-99,JOF,251,-99,-99,-0.01,-99,-99,-99,-99,-99,-99
DH1~61W,NK_6518_61W,25.9,27.4,542555.1,7436840.8,479,1968,41,37,2.2,-0.01,0.03,-99,-99,2,99.89,-99,-99,-99,JOF,251,-99,-99,-0.01,-99,-99,-99,-99,-99,-99
DH1~61W,NK_6519_61W,27.4,29,542555.1,7436840.8,477.45,1968,29.5,51.8,3.1,-0.01,0.03,-99,-99,1.9,99.05,-99,-99,-99,JOF,251,-99,-99,-0.01,-99,-99,-99,-99,-99,-99
DH1~61W,NK_6520_61W,29,30.5,542555.1,7436840.8,475.9,1968,-99,-99,-99,-99,-99,-99,-99,-99,-99,-99,-99,-99,JOF,251,-99,-99,-99,-99,-99,-99,-99,-99,-99
DH1~61W,NK_6521_61W,30.5,32,542555.1,7436840.8,474.4,1968,33.5,47.5,2.3,-0.01,0.03,-99,-99,1.9,99.66,-99,-99,-99,JOF,251,-99,-99,-0.01,-99,-99,-99,-99,-99,-99
DH1~61W,NK_6522_61W,32,33.5,542555.1,7436840.8,472.9,1968,31.9,46.2,2.3,-0.01,0.19,-99,-99,1.7,96.24,-99,-99,-99,JOF,251,-99,-99,-0.01,-99,-99,-99,-99,-99,-99
DH1~61W,NK_6523_61W,33.5,35.1,542555.1,7436840.8,471.35,1968,25.4,54.2,3.9,-0.01,0.03,-99,-99,2.3,96.78,-99,-99,-99,JOF,251,-99,-99,-0.01,-99,-99,-99,-99,-99,-99
DH1~61W,NK_6524_61W,35.1,36.6,542555.1,7436840.8,469.8,1968,23.7,58.1,3.3,-0.01,0.06,-99,-99,1.9,97.32,-99,-99,-99,JOF,251,-99,-99,-0.01,-99,-99,-99,-99,-99,-99
DH1~61W,NK_6525_61W,36.6,38.1,542555.1,7436840.8,468.3,1968,23.4,57.5,3.7,-0.01,0.03,-99,-99,2,96.72,-99,-99,-99,JOF,251,-99,-99,-0.01,-99,-99,-99,-99,-99,-99
DH1~61W,NK_6526_61W,38.1,39.6,542555.1,7436840.8,466.8,1968,23.2,56.1,6.2,-0.01,0.06,-99,-99,3,98.61,-99,-99,-99,WS,321,-99,-99,-0.01,-99,-99,-99,-99,-99,-99
DH1~61W,NK_6527_61W,39.6,41.1,542555.1,7436840.8,465.3,1968,22.9,54.4,7.9,-0.01,0.06,-99,-99,3.9,99.08,-99,-99,-99,WS,321,-99,-99,-0.01,-99,-99,-99,-99,-99,-99
DH1~61W,NK_6528_61W,41.1,42.7,542555.1,7436840.8,463.75,1968,22.7,56,5.7,-0.01,0.05,-99,-99,3.2,97.47,-99,-99,-99,WS,321,-99,-99,-0.01,-99,-99,-99,-99,-99,-99
DH1~61W,NK_6529_61W,42.7,44.2,542555.1,7436840.8,462.2,1968,20.3,55.7,9.4,-0.01,0.06,-99,-99,4.6,98.86,-99,-99,-99,WS,321,-99,-99,-0.01,-99,-99,-99,-99,-99,-99
DH1~61W,NK_6530_61W,44.2,45.7,542555.1,7436840.8,460.7,1968,23,57.3,7.2,-0.01,0.06,-99,-99,3.1,100.62,-99,-99,-99,WS,321,-99,-99,-0.01,-99,-99,-99,-99,-99,-99
DH1~61W,NK_6531_61W,45.7,47.2,542555.1,7436840.8,459.2,1968,22.8,55.7,7.3,-0.01,0.09,-99,-99,3.7,99.5,-99,-99,-99,WS,321,-99,-99,-0.01,-99,-99,-99,-99,-99,-99
DH1~61W,NK_6532_61W,47.2,48.8,542555.1,7436840.8,457.65,1968,19.1,63.4,5.4,-0.01,0.07,-99,-99,3.1,99.37,-99,-99,-99,WS,321,-99,-99,-0.01,-99,-99,-99,-99,-99,-99
DH1~61W,NK_6533_61W,48.8,50.3,542555.1,7436840.8,456.1,1968,25.8,46.4,9.2,-0.01,0.16,-99,-99,6.2,99.05,-99,-99,-99,WS,321,-99,-99,-0.01,-99,-99,-99,-99,-99,-99
DH1~61W,NK_6534_61W,50.3,51.8,542555.1,7436840.8,454.6,1968,35.1,32.4,11.1,-0.01,0.12,-99,-99,6.8,100.76,-99,-99,-99,WS,321,-99,-99,-0.01,-99,-99,-99,-99,-99,-99
DH1~61W,NK_6535_61W,51.8,53.3,542555.1,7436840.8,453.1,1968,22.3,39.3,15.1,-0.01,0.12,-99,-99,8.8,95.36,-99,-99,-99,WS,321,-99,-99,-0.01,-99,-99,-99,-99,-99,-99
DH1~61W,NK_6536_61W,53.3,54.9,542555.1,7436840.8,451.55,1968,19,39.8,22.4,-0.01,0.11,-99,-99,9.6,99.22,-99,-99,-99,WS,321,-99,-99,-0.01,-99,-99,-99,-99,-99,-99
DH1~61W,NK_6537_61W,54.9,56.4,542555.1,7436840.8,450,1968,-99,-99,-99,-99,-99,-99,-99,-99,-99,-99,-99,-99,WS,321,-99,-99,-99,-99,-99,-99,-99,-99,-99
DH1~61W,NK_6538_61W,56.4,57.9,542555.1,7436840.8,448.5,1968,-99,-99,-99,-99,-99,-99,-99,-99,-99,-99,-99,-99,WS,321,-99,-99,-99,-99,-99,-99,-99,-99,-99
DH1~61W,NK_6539_61W,57.9,59.4,542555.1,7436840.8,447,1968,17.4,42.7,18.9,-0.01,0.1,-99,-99,9.5,96.21,-99,-99,-99,WS,321,-99,-99,-0.01,-99,-99,-99,-99,-99,-99
DH1~61W,NK_6540_61W,59.4,61,542555.1,7436840.8,445.45,1968,-99,-99,-99,-99,-99,-99,-99,-99,-99,-99,-99,-99,WS,321,-99,-99,-99,-99,-99,-99,-99,-99,-99
DH10~61W,NK_6273_61W,0,1.5,542760.35,7437333.15,516.49,1968,-99,-99,-99,-99,-99,-99,-99,-99,-99,-99,-99,-99,SUR,90,-99,-99,-99,-99,-99,-99,-99,-99,-99
DH10~61W,NK_6274_61W,1.5,3,542760.35,7437333.15,514.99,1968,54.3,14.1,4.1,-0.01,0.04,-99,-99,4.7,100.63,-99,-99,-99,SUR,90,-99,-99,-0.01,-99,-99,-99,-99,-99,-99
DH10~61W,NK_6275_61W,3,4.6,542760.35,7437333.15,513.44,1968,63.7,5,1.7,-0.01,0.09,-99,-99,2.7,100.68,-99,-99,-99,DG,422,-99,-99,-0.01,-99,-99,-99,-99,-99,-99
DH10~61W,NK_6276_61W,4.6,6.1,542760.35,7437333.15,511.89,1968,60.3,8.4,1.2,-0.01,0.06,-99,-99,4.4,100.35,-99,-99,-99,DG,422,-99,-99,-0.01,-99,-99,-99,-99,-99,-99
DH10~61W,NK_6277_61W,6.1,7.6,542760.35,7437333.15,510.39,1968,63.2,4.2,1.2,-0.01,0.05,-99,-99,4.1,99.97,-99,-99,-99,DG,422,-99,-99,-0.01,-99,-99,-99,-99,-99,-99
DH10~61W,NK_6278_61W,7.6,9.1,542760.35,7437333.15,508.89,1968,56.2,9.6,3.9,-0.01,0.07,-99,-99,5.3,99.31,-99,-99,-99,DG,422,-99,-99,-0.01,-99,-99,-99,-99,-99,-99
DH10~61W,NK_6279_61W,9.1,10.7,542760.35,7437333.15,507.34,1968,59.6,8.2,2,-0.01,0.06,-99,-99,3.2,98.75,-99,-99,-99,DG,422,-99,-99,-0.01,-99,-99,-99,-99,-99,-99
DH10~61W,NK_6280_61W,10.7,12.2,542760.35,7437333.15,505.79,1968,64.8,3.3,1.1,-0.01,0.05,-99,-99,2.8,99.96,-99,-99,-99,DG,422,-99,-99,-0.01,-99,-99,-99,-99,-99,-99
DH10~61W,NK_6281_61W,12.2,13.7,542760.35,7437333.15,504.29,1968,51,13.8,8.2,-0.01,0.03,-99,-99,6.2,101.18,-99,-99,-99,MCS,502,-99,-99,-0.01,-99,-99,-99,-99,-99,-99
DH10~61W,NK_6282_61W,13.7,15.2,542760.35,7437333.15,502.79,1968,53.7,14.5,3.9,-0.01,0.18,-99,-99,5.4,100.99,-99,-99,-99,MCS,502,-99,-99,-0.01,-99,-99,-99,-99,-99,-99
DH10~61W,NK_6283_61W,15.2,16.8,542760.35,7437333.15,501.24,1968,50.9,18.8,3.4,-0.01,0.09,-99,-99,4.7,99.88,-99,-99,-99,MCS,502,-99,-99,-0.01,-99,-99,-99,-99,-99,-99
DH10~61W,NK_6284_61W,16.8,18.3,542760.35,7437333.15,499.69,1968,64.6,3.1,0.4,-0.01,0.1,-99,-99,3,99.09,-99,-99,-99,MCS,502,-99,-99,-0.01,-99,-99,-99,-99,-99,-99
DH10~61W,NK_6325_61W,18.3,19.8,542760.35,7437333.15,498.19,1968,62.9,3.1,1.9,-0.01,0.1,-99,-99,3.8,98.96,-99,-99,-99,MCS,502,-99,-99,-0.01,-99,-99,-99,-99,-99,-99
DH10~61W,NK_6326_61W,19.8,21.3,542760.35,7437333.15,496.69,1968,60.3,2.4,3.6,-0.01,0.21,-99,-99,7.1,99.79,-99,-99,-99,MCS,502,-99,-99,-0.01,-99,-99,-99,-99,-99,-99
DH10~61W,NK_6327_61W,21.3,22.9,542760.35,7437333.15,495.14,1968,61.8,1.5,2.3,-0.01,0.12,-99,-99,6.5,98.93,-99,-99,-99,MCS,502,-99,-99,-0.01,-99,-99,-99,-99,-99,-99
DH10~61W,NK_6328_61W,22.9,24.4,542760.35,7437333.15,493.59,1968,63.4,1.5,2.7,-0.01,0.14,-99,-99,4.6,99.77,-99,-99,-99,MCS,502,-99,-99,-0.01,-99,-99,-99,-99,-99,-99
DH10~61W,NK_6329_61W,24.4,25.9,542760.35,7437333.15,492.09,1968,60,2.4,3.8,-0.01,0.25,-99,-99,6.3,98.86,-99,-99,-99,MCS,502,-99,-99,-0.01,-99,-99,-99,-99,-99,-99
DH10~61W,NK_6330_61W,25.9,27.4,542760.35,7437333.15,490.59,1968,-99,-99,-99,-99,-99,-99,-99,-99,-99,-99,-99,-99,MCS,601,-99,-99,-99,-99,-99,-99,-99,-99,-99
DH10~61W,NK_6331_61W,27.4,29,542760.35,7437333.15,489.04,1968,-99,-99,-99,-99,-99,-99,-99,-99,-99,-99,-99,-99,MCS,601,-99,-99,-99,-99,-99,-99,-99,-99,-99
DH10~61W,NK_6332_61W,29,30.5,542760.35,7437333.15,487.49,1968,-99,-99,-99,-99,-99,-99,-99,-99,-99,-99,-99,-99,MCS,601,-99,-99,-99,-99,-99,-99,-99,-99,-99
DH10~61W,NK_6333_61W,30.5,32,542760.35,7437333.15,485.99,1968,-99,-99,-99,-99,-99,-99,-99,-99,-99,-99,-99,-99,MCS,601,-99,-99,-99,-99,-99,-99,-99,-99,-99
DH10~61W,NK_6334_61W,32,33.5,542760.35,7437333.15,484.49,1968,-99,-99,-99,-99,-99,-99,-99,-99,-99,-99,-99,-99,MCS,601,-99,-99,-99,-99,-99,-99,-99,-99,-99
DH10~61W,NK_6335_61W,33.5,35.1,542760.35,7437333.15,482.94,1968,-99,-99,-99,-99,-99,-99,-99,-99,-99,-99,-99,-99,MCS,601,-99,-99,-99,-99,-99,-99,-99,-99,-99
DH10~61W,NK_6336_61W,35.1,36.6,542760.35,7437333.15,481.39,1968,-99,-99,-99,-99,-99,-99,-99,-99,-99,-99,-99,-99,MCS,601,-99,-99,-99,-99,-99,-99,-99,-99,-99
DH10~61W,NK_6337_61W,36.6,38.1,542760.35,7437333.15,479.89,1968,-99,-99,-99,-99,-99,-99,-99,-99,-99,-99,-99,-99,MCS,601,-99,-99,-99,-99,-99,-99,-99,-99,-99
DH10~61W,NK_6338_61W,38.1,39.6,542760.35,7437333.15,478.39,1968,20.5,33.3,22.6,-0.01,0.23,-99,-99,11.3,97.04,-99,-99,-99,MCS,601,-99,-99,-0.01,-99,-99,-99,-99,-99,-99
DH10~61W,NK_6339_61W,39.6,41.1,542760.35,7437333.15,476.89,1968,-99,-99,-99,-99,-99,-99,-99,-99,-99,-99,-99,-99,MCS,601,-99,-99,-99,-99,-99,-99,-99,-99,-99
DH10~61W,NK_6340_61W,41.1,42.7,542760.35,7437333.15,475.34,1968,-99,-99,-99,-99,-99,-99,-99,-99,-99,-99,-99,-99,MCS,601,-99,-99,-99,-99,-99,-99,-99,-99,-99
DH10~61W,NK_6341_61W,42.7,44.2,542760.35,7437333.15,473.79,1968,-99,-99,-99,-99,-99,-99,-99,-99,-99,-99,-99,-99,MCS,601,-99,-99,-99,-99,-99,-99,-99,-99,-99
DH10~61W,NK_6342_61W,44.2,45.7,542760.35,7437333.15,472.29,1968,-99,-99,-99,-99,-99,-99,-99,-99,-99,-99,-99,-99,MCS,601,-99,-99,-99,-99,-99,-99,-99,-99,-99
DH10~61W,NK_6343_61W,45.7,47.2,542760.35,7437333.15,470.79,1968,38.4,15.2,14.1,-0.01,0.56,-99,-99,10.4,95.88,-99,-99,-99,MCS,601,-99,-99,-0.01,-99,-99,-99,-99,-99,-99
DH10~61W,NK_6344_61W,47.2,48.8,542760.35,7437333.15,469.24,1968,-99,-99,-99,-99,-99,-99,-99,-99,-99,-99,-99,-99,MCS,601,-99,-99,-99,-99,-99,-99,-99,-99,-99
DH10~61W,NK_6345_61W,48.8,50.3,542760.35,7437333.15,467.69,1968,-99,-99,-99,-99,-99,-99,-99,-99,-99,-99,-99,-99,MCS,601,-99,-99,-99,-99,-99,-99,-99,-99,-99
DH10~61W,NK_6346_61W,50.3,51.8,542760.35,7437333.15,466.19,1968,-99,-99,-99,-99,-99,-99,-99,-99,-99,-99,-99,-99,MCS,601,-99,-99,-99,-99,-99,-99,-99,-99,-99
DH10~61W,NK_6347_61W,51.8,53.3,542760.35,7437333.15,464.69,1968,8.7,61.3,16,-0.01,0.09,-99,-99,6.3,96.24,-99,-99,-99,MCS,601,-99,-99,-0.01,-99,-99,-99,-99,-99,-99
DH10~61W,NK_6348_61W,53.3,54.9,542760.35,7437333.15,463.14,1968,8.5,59.4,17,-0.01,0.06,-99,-99,7.1,95.79,-99,-99,-99,MCS,601,-99,-99,-0.01,-99,-99,-99,-99,-99,-99
DH10~61W,NK_6349_61W,54.9,56.4,542760.35,7437333.15,461.59,1968,19.6,42.4,16.9,-0.01,0.11,-99,-99,8,95.57,-99,-99,-99,MCS,601,-99,-99,-0.01,-99,-99,-99,-99,-99,-99
DH10~61W,NK_6350_61W,56.4,57.9,542760.35,7437333.15,460.09,1968,34,26.7,11.4,-0.01,0.33,-99,-99,8.9,96.37,-99,-99,-99,MCS,601,-99,-99,-0.01,-99,-99,-99,-99,-99,-99
DH10~61W,NK_6351_61W,57.9,59.4,542760.35,7437333.15,458.59,1968,41.3,20,9.3,-0.01,0.28,-99,-99,9.3,98.29,-99,-99,-99,MCS,601,-99,-99,-0.01,-99,-99,-99,-99,-99,-99
DH10~61W,NK_6352_61W,59.4,61,542760.35,7437333.15,457.04,1968,30.9,27.1,14.6,-0.01,0.18,-99,-99,8.8,95.09,-99,-99,-99,MCS,601,-99,-99,-0.01,-99,-99,-99,-99,-99,-99
DH11~61W,NK_6252_61W,0,1.5,542788.13,7437398.49,509.06,1968,43.5,14.8,10.4,-0.01,0.03,-99,-99,9.7,97.16,-99,-99,-99,DG,435,-99,-99,-0.01,-99,-99,-99,-99,-99,-99
DH11~61W,NK_6253_61W,1.5,3,542788.13,7437398.49,507.56,1968,51.5,10.6,6.6,-0.01,0.11,-99,-99,8.8,99.88,-99,-99,-99,DG,435,-99,-99,-0.01,-99,-99,-99,-99,-99,-99
DH11~61W,NK_6254_61W,3,4.6,542788.13,7437398.49,506.01,1968,58.4,8.2,2.9,-0.01,0.11,-99,-99,5,99.85,-99,-99,-99,DG,435,-99,-99,-0.01,-99,-99,-99,-99,-99,-99
DH11~61W,NK_6255_61W,4.6,6.1,542788.13,7437398.49,504.46,1968,53,11.3,5.2,-0.01,0.2,-99,-99,7,99.73,-99,-99,-99,DG,435,-99,-99,-0.01,-99,-99,-99,-99,-99,-99
DH11~61W,NK_6256_61W,6.1,7.6,542788.13,7437398.49,502.96,1968,57.9,6,3.5,-0.01,0.1,-99,-99,6,98.51,-99,-99,-99,DG,435,-99,-99,-0.01,-99,-99,-99,-99,-99,-99
DH11~61W,NK_6257_61W,7.6,9.1,542788.13,7437398.49,501.46,1968,57.5,3.9,3.2,-0.01,0.05,-99,-99,10.7,100.12,-99,-99,-99,DG,435,-99,-99,-0.01,-99,-99,-99,-99,-99,-99
DH11~61W,NK_6258_61W,9.1,10.7,542788.13,7437398.49,499.91,1968,51.9,7.3,6.6,-0.01,0.03,-99,-99,10.9,99.07,-99,-99,-99,DG,435,-99,-99,-0.01,-99,-99,-99,-99,-99,-99
DH11~61W,NK_6259_61W,10.7,12.2,542788.13,7437398.49,498.36,1968,51.5,6.3,7.9,-0.01,0.03,-99,-99,11.9,99.8,-99,-99,-99,DG,435,-99,-99,-0.01,-99,-99,-99,-99,-99,-99
DH11~61W,NK_6260_61W,12.2,13.7,542788.13,7437398.49,496.86,1968,55.6,5,5.9,-0.01,0.04,-99,-99,9.8,100.28,-99,-99,-99,DG,435,-99,-99,-0.01,-99,-99,-99,-99,-99,-99
DH11~61W,NK_6261_61W,13.7,15.2,542788.13,7437398.49,495.36,1968,56.4,5.5,4.9,-0.01,0.05,-99,-99,8.4,99.55,-99,-99,-99,DG,435,-99,-99,-0.01,-99,-99,-99,-99,-99,-99
DH11~61W,NK_6262_61W,15.2,16.8,542788.13,7437398.49,493.81,1968,62.5,3,2.5,-0.01,0.05,-99,-99,5.5,100.47,-99,-99,-99,DG,435,-99,-99,-0.01,-99,-99,-99,-99,-99,-99
DH11~61W,NK_6263_61W,16.8,18.3,542788.13,7437398.49,492.26,1968,57.4,5.4,4.3,-0.01,0.07,-99,-99,7.5,99.43,-99,-99,-99,DG,435,-99,-99,-0.01,-99,-99,-99,-99,-99,-99
DH11B~61W,NK_6264_61W,0,1.5,542791.4,7437386.74,509.02,1968,46.5,12.3,9.9,-0.01,0.05,-99,-99,9.1,97.9,-99,-99,-99,DG,435,-99,-99,-0.01,-99,-99,-99,-99,-99,-99
DH11B~61W,NK_6265_61W,1.5,3,542791.4,7437386.74,507.52,1968,52.5,5.3,6.3,-0.01,0.06,-99,-99,11.7,98.5,-99,-99,-99,DG,435,-99,-99,-0.01,-99,-99,-99,-99,-99,-99
DH11B~61W,NK_6266_61W,3,4.6,542791.4,7437386.74,505.97,1968,53,7,7.1,-0.01,0.06,-99,-99,9.7,99.71,-99,-99,-99,DG,435,-99,-99,-0.01,-99,-99,-99,-99,-99,-99
DH11B~61W,NK_6267_61W,4.6,6.1,542791.4,7437386.74,504.42,1968,50.5,7.8,7,-0.01,0.08,-99,-99,12.3,99.48,-99,-99,-99,DG,435,-99,-99,-0.01,-99,-99,-99,-99,-99,-99
DH11B~61W,NK_6268_61W,6.1,7.6,542791.4,7437386.74,502.92,1968,47.5,9.4,10.2,-0.01,0.05,-99,-99,11.2,98.83,-99,-99,-99,MCS,601,-99,-99,-0.01,-99,-99,-99,-99,-99,-99
DH11B~61W,NK_6269_61W,7.6,9.1,542791.4,7437386.74,501.42,1968,47,10.2,10.2,-0.01,0.02,-99,-99,11.7,99.34,-99,-99,-99,MCS,601,-99,-99,-0.01,-99,-99,-99,-99,-99,-99
DH11B~61W,NK_6270_61W,9.1,10.7,542791.4,7437386.74,499.87,1968,47.9,8.8,10.6,-0.01,0.03,-99,-99,12.1,100.05,-99,-99,-99,MCS,601,-99,-99,-0.01,-99,-99,-99,-99,-99,-99
DH11B~61W,NK_6271_61W,10.7,12.2,542791.4,7437386.74,498.32,1968,43.1,13.6,9.9,-0.01,0.03,-99,-99,10.7,95.89,-99,-99,-99,MCS,601,-99,-99,-0.01,-99,-99,-99,-99,-99,-99
DH11B~61W,NK_6272_61W,12.2,13.7,542791.4,7437386.74,496.82,1968,44.4,12.5,11.7,-0.01,0.03,-99,-99,11.1,98.85,-99,-99,-99,MCS,601,-99,-99,-0.01,-99,-99,-99,-99,-99,-99
DH2~61W,NK_6541_61W,0,1.5,542578.41,7436895.09,515.15,1968,47.7,13.5,6.3,-0.01,0.06,-99,-99,9.1,97.24,-99,-99,-99,JOF,265,-99,-99,-0.01,-99,-99,-99,-99,-99,-99
DH2~61W,NK_6542_61W,1.5,3,542578.41,7436895.09,513.65,1968,47.3,16.6,5.4,-0.01,0.18,-99,-99,9.1,99.14,-99,-99,-99,JOF,265,-99,-99,-0.01,-99,-99,-99,-99,-99,-99
DH2~61W,NK_6543_61W,3,4.6,542578.41,7436895.09,512.1,1968,50.5,12.8,3.6,-0.01,0.07,-99,-99,10.6,99.36,-99,-99,-99,JOF,265,-99,-99,-0.01,-99,-99,-99,-99,-99,-99
DH2~61W,NK_6544_61W,4.6,6.1,542578.41,7436895.09,510.55,1968,58,7.7,3.9,-0.01,0.07,-99,-99,5.1,99.78,-99,-99,-99,JOF,265,-99,-99,-0.01,-99,-99,-99,-99,-99,-99
DH2~61W,NK_6545_61W,6.1,7.6,542578.41,7436895.09,509.05,1968,60.1,6.8,3.3,-0.01,0.05,-99,-99,3.4,99.54,-99,-99,-99,JOF,265,-99,-99,-0.01,-99,-99,-99,-99,-99,-99
DH2~61W,NK_6546_61W,7.6,9.1,542578.41,7436895.09,507.55,1968,57.5,8,4.1,-0.01,0.05,-99,-99,6.1,100.52,-99,-99,-99,WS,321,-99,-99,-0.01,-99,-99,-99,-99,-99,-99
DH2~61W,NK_6547_61W,9.1,10.7,542578.41,7436895.09,506,1968,56.7,9.9,4.3,-0.01,0.05,-99,-99,5.9,101.28,-99,-99,-99,WS,321,-99,-99,-0.01,-99,-99,-99,-99,-99,-99
DH2~61W,NK_6548_61W,10.7,12.2,542578.41,7436895.09,504.45,1968,54.2,9.1,4.9,-0.01,0.06,-99,-99,7.9,99.53,-99,-99,-99,WS,321,-99,-99,-0.01,-99,-99,-99,-99,-99,-99
DH2~61W,NK_6549_61W,12.2,13.7,542578.41,7436895.09,502.95,1968,57.5,6.1,4,-0.01,0.05,-99,-99,6.8,99.22,-99,-99,-99,WS,321,-99,-99,-0.01,-99,-99,-99,-99,-99,-99
DH2~61W,NK_6550_61W,13.7,15.2,542578.41,7436895.09,501.45,1968,59.5,5.7,4.5,-0.01,0.04,-99,-99,4.8,100.16,-99,-99,-99,WS,321,-99,-99,-0.01,-99,-99,-99,-99,-99,-99
DH2~61W,NK_6551_61W,15.2,16.8,542578.41,7436895.09,499.9,1968,61.5,4.6,3.6,-0.01,0.05,-99,-99,3.9,100.14,-99,-99,-99,WS,321,-99,-99,-0.01,-99,-99,-99,-99,-99,-99
DH2~61W,NK_6552_61W,16.8,18.3,542578.41,7436895.09,498.35,1968,61.6,4,3.3,-0.01,0.05,-99,-99,3.4,98.89,-99,-99,-99,WS,321,-99,-99,-0.01,-99,-99,-99,-99,-99,-99
DH2~61W,NK_6553_61W,18.3,19.8,542578.41,7436895.09,496.85,1968,62,4.7,3.4,-0.01,0.06,-99,-99,3.1,99.98,-99,-99,-99,WS,321,-99,-99,-0.01,-99,-99,-99,-99,-99,-99
DH2~61W,NK_6554_61W,19.8,21.3,542578.41,7436895.09,495.35,1968,43.3,16.3,13.2,-0.01,0.04,-99,-99,8.8,100.3,-99,-99,-99,WS,321,-99,-99,-0.01,-99,-99,-99,-99,-99,-99
DH2~61W,NK_6555_61W,21.3,22.9,542578.41,7436895.09,493.8,1968,28.8,26.5,17.4,-0.01,0.03,-99,-99,12.3,97.44,-99,-99,-99,WS,321,-99,-99,-0.01,-99,-99,-99,-99,-99,-99
DH2~61W,NK_6556_61W,22.9,24.4,542578.41,7436895.09,492.25,1968,27,26.8,22.8,-0.01,0.06,-99,-99,11.1,99.44,-99,-99,-99,WS,321,-99,-99,-0.01,-99,-99,-99,-99,-99,-99
DH2~61W,NK_6557_61W,24.4,25.9,542578.41,7436895.09,490.75,1968,41,16.3,15.4,-0.01,0.15,-99,-99,9.8,100.46,-99,-99,-99,WS,321,-99,-99,-0.01,-99,-99,-99,-99,-99,-99
DH2~61W,NK_6558_61W,25.9,27.4,542578.41,7436895.09,489.25,1968,35,19.2,18.8,-0.01,0.15,-99,-99,11.9,100.28,-99,-99,-99,WS,321,-99,-99,-0.01,-99,-99,-99,-99,-99,-99
DH2~61W,NK_6559_61W,27.4,29,542578.41,7436895.09,487.7,1968,54,8,7.8,-0.01,0.18,-99,-99,6.8,100.22,-99,-99,-99,WS,321,-99,-99,-0.01,-99,-99,-99,-99,-99,-99
DH2~61W,NK_6560_61W,29,30.5,542578.41,7436895.09,486.15,1968,43.6,15,12.5,-0.01,0.18,-99,-99,8.7,98.95,-99,-99,-99,WS,321,-99,-99,-0.01,-99,-99,-99,-99,-99,-99
DH2~61W,NK_6561_61W,30.5,32,542578.41,7436895.09,484.65,1968,51.4,8.6,8.2,-0.01,0.21,-99,-99,8.4,99.17,-99,-99,-99,WS,321,-99,-99,-0.01,-99,-99,-99,-99,-99,-99
DH2~61W,NK_6562_61W,32,33.5,542578.41,7436895.09,483.15,1968,53.5,9,8.2,-0.01,0.19,-99,-99,6.9,101.03,-99,-99,-99,WS,321,-99,-99,-0.01,-99,-99,-99,-99,-99,-99
DH2~61W,NK_6563_61W,33.5,35.1,542578.41,7436895.09,481.6,1968,53.4,8.5,7.9,-0.01,0.23,-99,-99,7.9,101.17,-99,-99,-99,WS,321,-99,-99,-0.01,-99,-99,-99,-99,-99,-99
DH2~61W,NK_6564_61W,35.1,36.6,542578.41,7436895.09,480.05,1968,49.7,10.5,10.4,-0.01,0.19,-99,-99,7.6,99.99,-99,-99,-99,WS,321,-99,-99,-0.01,-99,-99,-99,-99,-99,-99
DH2~61W,NK_6565_61W,36.6,38.1,542578.41,7436895.09,478.55,1968,46.8,12.4,12.9,-0.01,0.12,-99,-99,8.4,100.89,-99,-99,-99,WS,321,-99,-99,-0.01,-99,-99,-99,-99,-99,-99
DH2~61W,NK_6566_61W,38.1,39.6,542578.41,7436895.09,477.05,1968,48.4,10.6,9.9,-0.01,0.29,-99,-99,7.6,97.96,-99,-99,-99,WS,321,-99,-99,-0.01,-99,-99,-99,-99,-99,-99
DH2~61W,NK_6567_61W,39.6,41.1,542578.41,7436895.09,475.55,1968,51.1,8,10.3,-0.01,0.39,-99,-99,8.9,101.15,-99,-99,-99,WS,321,-99,-99,-0.01,-99,-99,-99,-99,-99,-99
DH2~61W,NK_6568_61W,41.1,42.7,542578.41,7436895.09,474,1968,61.2,2.8,3.2,-0.01,0.16,-99,-99,4.1,97.97,-99,-99,-99,WS,321,-99,-99,-0.01,-99,-99,-99,-99,-99,-99
DH2~61W,NK_6569_61W,42.7,44.2,542578.41,7436895.09,472.45,1968,-99,-99,-99,-99,-99,-99,-99,-99,-99,-99,-99,-99,WS,321,-99,-99,-99,-99,-99,-99,-99,-99,-99
DH2~61W,NK_6570_61W,44.2,45.7,542578.41,7436895.09,470.95,1968,-99,-99,-99,-99,-99,-99,-99,-99,-99,-99,-99,-99,WS,321,-99,-99,-99,-99,-99,-99,-99,-99,-99
DH2~61W,NK_6571_61W,45.7,47.2,542578.41,7436895.09,469.45,1968,-99,-99,-99,-99,-99,-99,-99,-99,-99,-99,-99,-99,WS,321,-99,-99,-99,-99,-99,-99,-99,-99,-99
DH2~61W,NK_6572_61W,47.2,48.8,542578.41,7436895.09,467.9,1968,44.7,14,12.7,-0.01,0.26,-99,-99,8.7,99.9,-99,-99,-99,WS,321,-99,-99,-0.01,-99,-99,-99,-99,-99,-99
DH2~61W,NK_6573_61W,48.8,50.3,542578.41,7436895.09,466.35,1968,54.4,6.8,7.8,-0.01,0.29,-99,-99,6.7,99.74,-99,-99,-99,WS,321,-99,-99,-0.01,-99,-99,-99,-99,-99,-99
DH2~61W,NK_6574_61W,50.3,51.8,542578.41,7436895.09,464.85,1968,63.5,2.7,3,-0.01,0.1,-99,-99,3.9,100.62,-99,-99,-99,WS,321,-99,-99,-0.01,-99,-99,-99,-99,-99,-99
DH2~61W,NK_6575_61W,51.8,53.3,542578.41,7436895.09,463.35,1968,65,2.1,1.9,-0.01,0.04,-99,-99,3.5,100.52,-99,-99,-99,DG,402,-99,-99,-0.01,-99,-99,-99,-99,-99,-99
DH2~61W,NK_6576_61W,53.3,54.9,542578.41,7436895.09,461.8,1968,67.4,1.1,0.9,-0.01,0.02,-99,-99,1.7,100.11,-99,-99,-99,DG,402,-99,-99,-0.01,-99,-99,-99,-99,-99,-99
DH2~61W,NK_6577_61W,54.9,56.4,542578.41,7436895.09,460.25,1968,67.8,1,0.8,-0.01,0.02,-99,-99,1.1,99.88,-99,-99,-99,DG,402,-99,-99,-0.01,-99,-99,-99,-99,-99,-99
DH2~61W,NK_6578_61W,56.4,57.9,542578.41,7436895.09,458.75,1968,67.2,1.1,0.9,-0.01,0.04,-99,-99,1.1,99.27,-99,-99,-99,DG,402,-99,-99,-0.01,-99,-99,-99,-99,-99,-99
DH2~61W,NK_6579_61W,57.9,59.4,542578.41,7436895.09,457.25,1968,67,1.4,1.2,-0.01,0.03,-99,-99,1.6,100.06,-99,-99,-99,DG,402,-99,-99,-0.01,-99,-99,-99,-99,-99,-99
DH2~61W,NK_6580_61W,59.4,61,542578.41,7436895.09,455.7,1968,67,1.4,1.3,-0.01,0.03,-99,-99,1.3,99.86,-99,-99,-99,DG,402,-99,-99,-0.01,-99,-99,-99,-99,-99,-99
DH2~61W,NK_6581_61W,61,62.5,542578.41,7436895.09,454.15,1968,67.7,1.1,0.9,-0.01,0.03,-99,-99,1.3,100.16,-99,-99,-99,DG,402,-99,-99,-0.01,-99,-99,-99,-99,-99,-99
DH2~61W,NK_6582_61W,62.5,64,542578.41,7436895.09,452.65,1968,57.8,5.6,5.9,-0.01,0.25,-99,-99,5.3,100.01,-99,-99,-99,DG,402,-99,-99,-0.01,-99,-99,-99,-99,-99,-99
DH2~61W,NK_6583_61W,64,65.5,542578.41,7436895.09,451.15,1968,64.6,2.6,2.6,-0.01,0.12,-99,-99,2.4,100.23,-99,-99,-99,DG,402,-99,-99,-0.01,-99,-99,-99,-99,-99,-99
DH2~61W,NK_6584_61W,65.5,67.1,542578.41,7436895.09,449.6,1968,66.6,1.6,1.3,-0.01,0.07,-99,-99,1.9,100.18,-99,-99,-99,DG,402,-99,-99,-0.01,-99,-99,-99,-99,-99,-99
DH2~61W,NK_6585_61W,67.1,68.6,542578.41,7436895.09,448.05,1968,67.6,1.3,1,-0.01,0.04,-99,-99,1.1,100.14,-99,-99,-99,DG,402,-99,-99,-0.01,-99,-99,-99,-99,-99,-99
DH2~61W,NK_6586_61W,68.6,70.1,542578.41,7436895.09,446.55,1968,67.6,1.2,1.2,-0.01,0.14,-99,-99,1.1,100.47,-99,-99,-99,DG,402,-99,-99,-0.01,-99,-99,-99,-99,-99,-99
DH2~61W,NK_6587_61W,70.1,71.6,542578.41,7436895.09,445.05,1968,68,1.1,0.8,-0.01,0.02,-99,-99,0.9,100.07,-99,-99,-99,DG,402,-99,-99,-0.01,-99,-99,-99,-99,-99,-99
DH2~61W,NK_6588_61W,71.6,73.2,542578.41,7436895.09,443.5,1968,64.6,3.2,3.1,-0.01,0.05,-99,-99,1.6,100.37,-99,-99,-99,DG,402,-99,-99,-0.01,-99,-99,-99,-99,-99,-99
DH2~61W,NK_6589_61W,73.2,74.7,542578.41,7436895.09,441.95,1968,67.3,1.5,1.4,-0.01,0.06,-99,-99,1.1,100.36,-99,-99,-99,DG,402,-99,-99,-0.01,-99,-99,-99,-99,-99,-99
DH2~61W,NK_6590_61W,74.7,76.2,542578.41,7436895.09,440.45,1968,67.6,1.4,1.4,-0.01,0.11,-99,-99,0.8,100.5,-99,-99,-99,DG,402,-99,-99,-0.01,-99,-99,-99,-99,-99,-99
DH2~61W,NK_6591_61W,76.2,77.7,542578.41,7436895.09,438.95,1968,67.3,1.3,1.2,-0.01,0.05,-99,-99,1,99.83,-99,-99,-99,DG,402,-99,-99,-0.01,-99,-99,-99,-99,-99,-99
DH2~61W,NK_6592_61W,77.7,79.2,542578.41,7436895.09,437.45,1968,58.7,4.5,5.6,-0.01,0.07,-99,-99,3.8,97.99,-99,-99,-99,DG,402,-99,-99,-0.01,-99,-99,-99,-99,-99,-99
DH2~61W,NK_6593_61W,79.2,80.8,542578.41,7436895.09,435.9,1968,66,2.2,2.5,-0.01,0.07,-99,-99,1.5,100.72,-99,-99,-99,DG,402,-99,-99,-0.01,-99,-99,-99,-99,-99,-99
DH2~61W,NK_6594_61W,80.8,82.3,542578.41,7436895.09,434.35,1968,66.2,2.1,2.2,-0.01,0.05,-99,-99,1.4,100.46,-99,-99,-99,DG,402,-99,-99,-0.01,-99,-99,-99,-99,-99,-99
DH2~61W,NK_6595_61W,82.3,83.8,542578.41,7436895.09,432.85,1968,65.9,1.7,2.2,-0.01,0.06,-99,-99,1.5,99.76,-99,-99,-99,DG,402,-99,-99,-0.01,-99,-99,-99,-99,-99,-99
DH2~61W,NK_6596_61W,83.8,85.3,542578.41,7436895.09,431.35,1968,67.1,1.1,1.1,-0.01,0.07,-99,-99,1.7,99.99,-99,-99,-99,DG,402,-99,-99,-0.01,-99,-99,-99,-99,-99,-99
DH2~61W,NK_6597_61W,85.3,86.9,542578.41,7436895.09,429.8,1968,67.2,1.1,1.2,-0.01,0.06,-99,-99,1.9,100.41,-99,-99,-99,DG,402,-99,-99,-0.01,-99,-99,-99,-99,-99,-99
DH2~61W,NK_6598_61W,86.9,88.4,542578.41,7436895.09,428.25,1968,64.1,2.3,2.7,-0.01,0.15,-99,-99,2.9,99.89,-99,-99,-99,DG,402,-99,-99,-0.01,-99,-99,-99,-99,-99,-99
DH2~61W,NK_6599_61W,88.4,89.9,542578.41,7436895.09,426.75,1968,67.6,0.9,0.9,-0.01,0.06,-99,-99,1.2,99.79,-99,-99,-99,DG,402,-99,-99,-0.01,-99,-99,-99,-99,-99,-99
DH2~61W,NK_6600_61W,89.9,91.4,542578.41,7436895.09,425.25,1968,61.4,3.9,4,-0.01,0.14,-99,-99,4.2,100.21,-99,-99,-99,DG,402,-99,-99,-0.01,-99,-99,-99,-99,-99,-99
DH2~61W,NK_6601_61W,91.4,93,542578.41,7436895.09,423.7,1968,64,2.3,2.3,-0.01,0.08,-99,-99,3.2,99.49,-99,-99,-99,DG,402,-99,-99,-0.01,-99,-99,-99,-99,-99,-99
DH2~61W,NK_6602_61W,93,94.5,542578.41,7436895.09,422.15,1968,36,18.4,18,-0.01,0.21,-99,-99,9.5,97.85,-99,-99,-99,OTH,90,-99,-99,-0.01,-99,-99,-99,-99,-99,-99
DH2~61W,NK_6603_61W,94.5,96,542578.41,7436895.09,420.65,1968,29.2,21.5,20,-0.01,0.29,-99,-99,12.5,96.41,-99,-99,-99,OTH,90,-99,-99,-0.01,-99,-99,-99,-99,-99,-99
DH2~61W,NK_6604_61W,96,97.5,542578.41,7436895.09,419.15,1968,39.3,15.4,14.3,-0.01,0.29,-99,-99,10.3,96.85,-99,-99,-99,OTH,90,-99,-99,-0.01,-99,-99,-99,-99,-99,-99
DH2~61W,NK_6605_61W,97.5,99.1,542578.41,7436895.09,417.6,1968,60.2,5,4.8,-0.01,0.11,-99,-99,3.4,99.52,-99,-99,-99,DG,412,-99,-99,-0.01,-99,-99,-99,-99,-99,-99
DH2~61W,NK_6606_61W,99.1,100.6,542578.41,7436895.09,416.05,1968,63.6,3,3,-0.01,0.06,-99,-99,3.2,100.27,-99,-99,-99,DG,412,-99,-99,-0.01,-99,-99,-99,-99,-99,-99
DH2~61W,NK_6607_61W,100.6,102.1,542578.41,7436895.09,414.55,1968,56.1,5.4,6.4,-0.01,0.2,-99,-99,7.3,99.77,-99,-99,-99,DG,412,-99,-99,-0.01,-99,-99,-99,-99,-99,-99
DH2~61W,NK_6608_61W,102.1,103.6,542578.41,7436895.09,413.05,1968,60.2,4.1,4,-0.01,0.1,-99,-99,4.1,98.5,-99,-99,-99,DG,412,-99,-99,-0.01,-99,-99,-99,-99,-99,-99
DH2~61W,NK_6609_61W,103.6,105.2,542578.41,7436895.09,411.5,1968,61.6,4,2.8,-0.01,0.08,-99,-99,3.7,98.75,-99,-99,-99,DG,412,-99,-99,-0.01,-99,-99,-99,-99,-99,-99
DH2~61W,NK_6610_61W,105.2,106.7,542578.41,7436895.09,409.95,1968,65,1.8,1.5,-0.01,0.07,-99,-99,3.4,99.79,-99,-99,-99,DG,412,-99,-99,-0.01,-99,-99,-99,-99,-99,-99
DH2~61W,NK_6611_61W,106.7,108.2,542578.41,7436895.09,408.45,1968,62,3.1,3.1,-0.01,0.08,-99,-99,3,98.03,-99,-99,-99,DG,412,-99,-99,-0.01,-99,-99,-99,-99,-99,-99
DH2~61W,NK_6612_61W,108.2,109.7,542578.41,7436895.09,406.95,1968,63.1,3,3.1,-0.01,0.11,-99,-99,4,100.57,-99,-99,-99,DG,412,-99,-99,-0.01,-99,-99,-99,-99,-99,-99
DH2~61W,NK_6613_61W,109.7,111.3,542578.41,7436895.09,405.4,1968,58.9,2.6,3,-0.01,0.42,-99,-99,9.1,99.87,-99,-99,-99,DG,412,-99,-99,-0.01,-99,-99,-99,-99,-99,-99
DH2~61W,NK_6614_61W,111.3,112.8,542578.41,7436895.09,403.85,1968,53.9,4.9,5.3,-0.01,0.45,-99,-99,9.8,98.09,-99,-99,-99,DG,412,-99,-99,-0.01,-99,-99,-99,-99,-99,-99
DH2~61W,NK_6615_61W,112.8,114.3,542578.41,7436895.09,402.35,1968,57.3,3.7,4.2,-0.01,0.37,-99,-99,9.5,100.17,-99,-99,-99,DG,412,-99,-99,-0.01,-99,-99,-99,-99,-99,-99
DH2~61W,NK_6616_61W,114.3,115.8,542578.41,7436895.09,400.85,1968,53.4,9.1,4.1,-0.01,0.29,-99,-99,9.5,99.71,-99,-99,-99,DG,412,-99,-99,-0.01,-99,-99,-99,-99,-99,-99
DH2~61W,NK_6617_61W,115.8,117.3,542578.41,7436895.09,399.35,1968,51.8,15.2,2.4,-0.01,0.24,-99,-99,8.4,100.61,-99,-99,-99,DG,411,-99,-99,-0.01,-99,-99,-99,-99,-99,-99
DH2~61W,NK_6618_61W,117.3,118.9,542578.41,7436895.09,397.8,1968,40.8,35.1,2.3,-0.01,0.13,-99,-99,5.2,101.23,-99,-99,-99,DG,411,-99,-99,-0.01,-99,-99,-99,-99,-99,-99
DH2~61W,NK_6619_61W,118.9,120.4,542578.41,7436895.09,396.25,1968,43.2,31.7,2,-0.01,0.15,-99,-99,5.1,100.91,-99,-99,-99,DG,411,-99,-99,-0.01,-99,-99,-99,-99,-99,-99
DH3~61W,NK_6620_61W,0,1.5,542598.53,7436950.96,525.64,1968,57.3,8.7,3,-0.01,0.06,-99,-99,5.2,98.96,-99,-99,-99,WS,321,-99,-99,-0.01,-99,-99,-99,-99,-99,-99
DH3~61W,NK_6621_61W,1.5,3,542598.53,7436950.96,524.14,1968,43.5,23,6.3,-0.01,0.06,-99,-99,6.6,98.23,-99,-99,-99,WS,321,-99,-99,-0.01,-99,-99,-99,-99,-99,-99
DH3~61W,NK_6622_61W,3,4.6,542598.53,7436950.96,522.59,1968,51.8,15.4,5.9,-0.01,0.06,-99,-99,5.1,100.6,-99,-99,-99,WS,321,-99,-99,-0.01,-99,-99,-99,-99,-99,-99
DH3~61W,NK_6623_61W,4.6,6.1,542598.53,7436950.96,521.04,1968,52.5,12.1,6.2,-0.01,0.06,-99,-99,7.1,100.6,-99,-99,-99,WS,321,-99,-99,-0.01,-99,-99,-99,-99,-99,-99
DH3~61W,NK_6624_61W,6.1,7.6,542598.53,7436950.96,519.54,1968,43.8,16.6,7.1,-0.01,0.05,-99,-99,11.4,97.84,-99,-99,-99,WS,321,-99,-99,-0.01,-99,-99,-99,-99,-99,-99
DH3~61W,NK_6625_61W,7.6,9.1,542598.53,7436950.96,518.04,1968,40.2,21.4,9.6,-0.01,0.02,-99,-99,11.3,99.82,-99,-99,-99,WS,321,-99,-99,-0.01,-99,-99,-99,-99,-99,-99
DH3~61W,NK_6626_61W,9.1,10.7,542598.53,7436950.96,516.49,1968,36.3,27.5,10.5,-0.01,0.03,-99,-99,9.1,99.07,-99,-99,-99,WS,321,-99,-99,-0.01,-99,-99,-99,-99,-99,-99
DH3~61W,NK_6627_61W,10.7,12.2,542598.53,7436950.96,514.94,1968,-99,-99,-99,-99,-99,-99,-99,-99,-99,-99,-99,-99,WS,321,-99,-99,-99,-99,-99,-99,-99,-99,-99
DH3~61W,NK_6628_61W,12.2,13.7,542598.53,7436950.96,513.44,1968,37.4,21.4,12.9,-0.01,0.08,-99,-99,10.1,98.05,-99,-99,-99,WS,321,-99,-99,-0.01,-99,-99,-99,-99,-99,-99
DH3~61W,NK_6629_61W,13.7,15.2,542598.53,7436950.96,511.94,1968,42.4,17.8,13.2,-0.01,0.09,-99,-99,6.6,98.43,-99,-99,-99,WS,321,-99,-99,-0.01,-99,-99,-99,-99,-99,-99
DH3~61W,NK_6630_61W,15.2,16.8,542598.53,7436950.96,510.39,1968,44.1,16.9,12.1,-0.01,0.16,-99,-99,7.1,99.52,-99,-99,-99,WS,321,-99,-99,-0.01,-99,-99,-99,-99,-99,-99
DH3~61W,NK_6631_61W,16.8,18.3,542598.53,7436950.96,508.84,1968,62.4,6.3,1.4,-0.01,0.04,-99,-99,3.2,100.21,-99,-99,-99,WS,321,-99,-99,-0.01,-99,-99,-99,-99,-99,-99
DH3~61W,NK_6632_61W,18.3,19.8,542598.53,7436950.96,507.34,1968,59.4,8.3,3,-0.01,0.07,-99,-99,3.4,99.79,-99,-99,-99,WS,321,-99,-99,-0.01,-99,-99,-99,-99,-99,-99
DH3~61W,NK_6633_61W,19.8,21.3,542598.53,7436950.96,505.84,1968,38.4,22.3,14.2,-0.01,0.12,-99,-99,8.2,99.88,-99,-99,-99,WS,321,-99,-99,-0.01,-99,-99,-99,-99,-99,-99
DH3~61W,NK_6634_61W,21.3,22.9,542598.53,7436950.96,504.29,1968,25.4,30,22.3,-0.01,0.03,-99,-99,9,97.68,-99,-99,-99,WS,321,-99,-99,-0.01,-99,-99,-99,-99,-99,-99
DH3~61W,NK_6635_61W,22.9,24.4,542598.53,7436950.96,502.74,1968,36.3,21.4,15.9,-0.01,0.16,-99,-99,9.3,98.87,-99,-99,-99,WS,321,-99,-99,-0.01,-99,-99,-99,-99,-99,-99
DH3~61W,NK_6636_61W,24.4,25.9,542598.53,7436950.96,501.24,1968,56.6,8.2,7.1,-0.01,0.13,-99,-99,4.9,101.42,-99,-99,-99,WS,321,-99,-99,-0.01,-99,-99,-99,-99,-99,-99
DH3~61W,NK_6637_61W,25.9,27.4,542598.53,7436950.96,499.74,1968,51.1,9.3,10.6,-0.01,0.26,-99,-99,7.5,101.05,-99,-99,-99,WS,321,-99,-99,-0.01,-99,-99,-99,-99,-99,-99
DH3~61W,NK_6638_61W,27.4,29,542598.53,7436950.96,498.19,1968,63.4,3.9,3.6,-0.01,0.08,-99,-99,2.4,100.73,-99,-99,-99,DG,402,-99,-99,-0.01,-99,-99,-99,-99,-99,-99
DH3~61W,NK_6639_61W,29,30.5,542598.53,7436950.96,496.64,1968,67.4,1.9,1.3,-0.01,0.03,-99,-99,1.2,100.83,-99,-99,-99,DG,402,-99,-99,-0.01,-99,-99,-99,-99,-99,-99
DH3~61W,NK_6640_61W,30.5,32,542598.53,7436950.96,495.14,1968,67.8,1.6,0.8,-0.01,0.02,-99,-99,0.8,100.18,-99,-99,-99,DG,402,-99,-99,-0.01,-99,-99,-99,-99,-99,-99
DH3~61W,NK_6641_61W,32,33.5,542598.53,7436950.96,493.64,1968,67.6,1.6,0.9,-0.01,0.02,-99,-99,0.8,100,-99,-99,-99,DG,402,-99,-99,-0.01,-99,-99,-99,-99,-99,-99
DH3~61W,NK_6642_61W,33.5,35.1,542598.53,7436950.96,492.09,1968,67.2,1.5,0.8,-0.01,0.03,-99,-99,1.3,99.75,-99,-99,-99,DG,402,-99,-99,-0.01,-99,-99,-99,-99,-99,-99
DH3~61W,NK_6643_61W,35.1,36.6,542598.53,7436950.96,490.54,1968,67.6,1.4,0.8,-0.01,0.03,-99,-99,1,99.92,-99,-99,-99,DG,402,-99,-99,-0.01,-99,-99,-99,-99,-99,-99
DH3~61W,NK_6644_61W,36.6,38.1,542598.53,7436950.96,489.04,1968,67.5,1.5,1.2,-0.01,0.04,-99,-99,1.2,100.5,-99,-99,-99,DG,402,-99,-99,-0.01,-99,-99,-99,-99,-99,-99
DH3~61W,NK_6645_61W,38.1,39.6,542598.53,7436950.96,487.54,1968,64.1,3.2,3,-0.01,0.08,-99,-99,2.2,100.23,-99,-99,-99,DG,402,-99,-99,-0.01,-99,-99,-99,-99,-99,-99
DH3~61W,NK_6646_61W,39.6,41.1,542598.53,7436950.96,486.04,1968,64,3.4,2.7,-0.01,0.09,-99,-99,2.6,100.41,-99,-99,-99,DG,402,-99,-99,-0.01,-99,-99,-99,-99,-99,-99
DH3~61W,NK_6647_61W,41.1,42.7,542598.53,7436950.96,484.49,1968,66,2.1,1.8,-0.01,0.06,-99,-99,1.8,100.2,-99,-99,-99,DG,402,-99,-99,-0.01,-99,-99,-99,-99,-99,-99
DH3~61W,NK_6648_61W,42.7,44.2,542598.53,7436950.96,482.94,1968,67.6,1.2,1,-0.01,0.04,-99,-99,1.2,100.14,-99,-99,-99,DG,402,-99,-99,-0.01,-99,-99,-99,-99,-99,-99
DH3~61W,NK_6649_61W,44.2,45.7,542598.53,7436950.96,481.44,1968,67.3,0.4,1.5,-0.01,0.06,-99,-99,1.4,99.66,-99,-99,-99,DG,402,-99,-99,-0.01,-99,-99,-99,-99,-99,-99
DH3~61W,NK_6650_61W,45.7,47.2,542598.53,7436950.96,479.94,1968,65.6,1.2,1.1,-0.01,0.1,-99,-99,3.8,100.12,-99,-99,-99,DG,402,-99,-99,-0.01,-99,-99,-99,-99,-99,-99
DH3~61W,NK_6801_61W,47.2,48.8,542598.53,7436950.96,478.39,1968,65.6,1.3,0.6,-0.01,0.1,-99,-99,4.1,100.02,-99,-99,-99,DG,402,-99,-99,-0.01,-99,-99,-99,-99,-99,-99
DH3~61W,NK_6802_61W,48.8,50.3,542598.53,7436950.96,476.84,1968,67.3,1,0.8,-0.01,0.05,-99,-99,2.5,100.63,-99,-99,-99,DG,402,-99,-99,-0.01,-99,-99,-99,-99,-99,-99
DH3~61W,NK_6803_61W,50.3,51.8,542598.53,7436950.96,475.34,1968,62.3,4.3,4.1,-0.01,0.12,-99,-99,3.2,100.95,-99,-99,-99,DG,402,-99,-99,-0.01,-99,-99,-99,-99,-99,-99
DH3~61W,NK_6804_61W,51.8,53.3,542598.53,7436950.96,473.84,1968,66.2,1.3,1.1,-0.01,0.06,-99,-99,2.3,99.49,-99,-99,-99,DG,402,-99,-99,-0.01,-99,-99,-99,-99,-99,-99
DH3~61W,NK_6805_61W,53.3,54.9,542598.53,7436950.96,472.29,1968,67.5,1.4,1,-0.01,0.06,-99,-99,2,101.04,-99,-99,-99,DG,402,-99,-99,-0.01,-99,-99,-99,-99,-99,-99
DH3~61W,NK_6806_61W,54.9,56.4,542598.53,7436950.96,470.74,1968,66.2,1.8,1.5,-0.01,0.06,-99,-99,2.5,100.59,-99,-99,-99,DG,402,-99,-99,-0.01,-99,-99,-99,-99,-99,-99
DH3~61W,NK_6807_61W,56.4,57.9,542598.53,7436950.96,469.24,1968,55,8.1,7,-0.01,0.11,-99,-99,5.3,99.29,-99,-99,-99,DG,412,-99,-99,-0.01,-99,-99,-99,-99,-99,-99
DH3~61W,NK_6808_61W,57.9,59.4,542598.53,7436950.96,467.74,1968,55,8.6,8,-0.01,0.17,-99,-99,5.2,100.82,-99,-99,-99,DG,412,-99,-99,-0.01,-99,-99,-99,-99,-99,-99
DH3~61W,NK_6809_61W,59.4,61,542598.53,7436950.96,466.19,1968,61.5,5.1,4.3,-0.01,0.11,-99,-99,3.3,100.88,-99,-99,-99,DG,412,-99,-99,-0.01,-99,-99,-99,-99,-99,-99
DH3~61W,NK_6810_61W,61,62.5,542598.53,7436950.96,464.64,1968,53.9,8.6,8.7,-0.01,0.12,-99,-99,5.2,99.84,-99,-99,-99,DG,412,-99,-99,-0.01,-99,-99,-99,-99,-99,-99
DH3~61W,NK_6811_61W,62.5,64,542598.53,7436950.96,463.14,1968,59.5,5.1,5.1,-0.01,0.15,-99,-99,4.5,100.11,-99,-99,-99,DG,412,-99,-99,-0.01,-99,-99,-99,-99,-99,-99
DH3~61W,NK_6812_61W,64,65.5,542598.53,7436950.96,461.64,1968,63.1,2.7,3.2,-0.01,0.13,-99,-99,3.6,100.01,-99,-99,-99,DG,412,-99,-99,-0.01,-99,-99,-99,-99,-99,-99
DH3~61W,NK_6813_61W,65.5,67.1,542598.53,7436950.96,460.09,1968,-99,-99,-99,-99,-99,-99,-99,-99,-99,-99,-99,-99,OTH,90,-99,-99,-99,-99,-99,-99,-99,-99,-99
DH3~61W,NK_6814_61W,67.1,68.6,542598.53,7436950.96,458.54,1968,44,15.3,13.6,-0.01,0.12,-99,-99,8.1,100.18,-99,-99,-99,OTH,90,-99,-99,-0.01,-99,-99,-99,-99,-99,-99
DH3~61W,NK_6815_61W,68.6,70.1,542598.53,7436950.96,457.04,1968,-99,-99,-99,-99,-99,-99,-99,-99,-99,-99,-99,-99,OTH,90,-99,-99,-99,-99,-99,-99,-99,-99,-99
DH3~61W,NK_6816_61W,70.1,71.6,542598.53,7436950.96,455.54,1968,-99,-99,-99,-99,-99,-99,-99,-99,-99,-99,-99,-99,OTH,90,-99,-99,-99,-99,-99,-99,-99,-99,-99
DH3~61W,NK_6817_61W,71.6,73.2,542598.53,7436950.96,453.99,1968,-99,-99,-99,-99,-99,-99,-99,-99,-99,-99,-99,-99,OTH,90,-99,-99,-99,-99,-99,-99,-99,-99,-99
DH3~61W,DH3~61W_76.2,73.2,76.2,542598.53,7436950.96,451.69,1968,-99,-99,-99,-99,-99,-99,-99,-99,-99,-99,-99,-99,OTH,90,-99,-99,-99,-99,-99,-99,-99,-99,-99
DH3~61W,NK_6818_61W,73.2,75.4,542598.53,7436950.96,452.09,1968,-99,-99,-99,-99,-99,-99,-99,-99,-99,-99,-99,-99,OTH,90,-99,-99,-99,-99,-99,-99,-99,-99,-99
DH3~61W,NK_6819_61W,75.4,76.2,542598.53,7436950.96,450.59,1968,-99,-99,-99,-99,-99,-99,-99,-99,-99,-99,-99,-99,OTH,90,-99,-99,-99,-99,-99,-99,-99,-99,-99
DH4~61W,NK_6820_61W,0,1.5,542621.65,7437008.06,537.12,1968,37.2,20.1,17.2,-0.01,0.06,-99,-99,9.1,99.72,-99,-99,-99,OTH,90,-99,-99,-0.01,-99,-99,-99,-99,-99,-99
DH4~61W,NK_6821_61W,1.5,3,542621.65,7437008.06,535.62,1968,38.8,24.1,10.1,-0.01,0.06,-99,-99,8,97.81,-99,-99,-99,OTH,90,-99,-99,-0.01,-99,-99,-99,-99,-99,-99
DH4~61W,NK_6822_61W,3,4.6,542621.65,7437008.06,534.07,1968,52.2,15.1,4.9,-0.01,0.04,-99,-99,4.5,99.22,-99,-99,-99,OTH,90,-99,-99,-0.01,-99,-99,-99,-99,-99,-99
DH4~61W,NK_6823_61W,4.6,6.1,542621.65,7437008.06,532.52,1968,46.6,24.2,3.8,-0.01,0.03,-99,-99,5.1,99.79,-99,-99,-99,OTH,90,-99,-99,-0.01,-99,-99,-99,-99,-99,-99
DH4~61W,NK_6824_61W,6.1,7.6,542621.65,7437008.06,531.02,1968,50.2,17.1,3.8,-0.01,0.03,-99,-99,5.5,98.24,-99,-99,-99,OTH,90,-99,-99,-0.01,-99,-99,-99,-99,-99,-99
DH4~61W,NK_6825_61W,7.6,9.1,542621.65,7437008.06,529.52,1968,41.8,21.6,7,-0.01,0.03,-99,-99,9.7,98.13,-99,-99,-99,OTH,90,-99,-99,-0.01,-99,-99,-99,-99,-99,-99
DH4~61W,NK_6826_61W,9.1,10.7,542621.65,7437008.06,527.97,1968,33.6,28.9,11.2,-0.01,0.03,-99,-99,8.9,97.11,-99,-99,-99,OTH,90,-99,-99,-0.01,-99,-99,-99,-99,-99,-99
DH4~61W,NK_6827_61W,10.7,12.2,542621.65,7437008.06,526.42,1968,46.1,19.1,7.5,-0.01,0.03,-99,-99,6,98.58,-99,-99,-99,OTH,90,-99,-99,-0.01,-99,-99,-99,-99,-99,-99
DH4~61W,NK_6828_61W,12.2,13.7,542621.65,7437008.06,524.92,1968,52.5,11.6,6.3,-0.01,0.04,-99,-99,5.8,98.85,-99,-99,-99,DG,435,-99,-99,-0.01,-99,-99,-99,-99,-99,-99
DH4~61W,NK_6829_61W,13.7,15.2,542621.65,7437008.06,523.42,1968,49.8,14.9,7,-0.01,0.02,-99,-99,5.4,98.55,-99,-99,-99,DG,435,-99,-99,-0.01,-99,-99,-99,-99,-99,-99
DH4~61W,NK_6830_61W,15.2,16.8,542621.65,7437008.06,521.87,1968,51.9,12.5,6.4,-0.01,0.02,-99,-99,4.7,97.85,-99,-99,-99,DG,435,-99,-99,-0.01,-99,-99,-99,-99,-99,-99
DH4~61W,NK_6831_61W,16.8,18.3,542621.65,7437008.06,520.32,1968,56.9,9.8,4.4,-0.01,0.02,-99,-99,3.6,99.2,-99,-99,-99,DG,435,-99,-99,-0.01,-99,-99,-99,-99,-99,-99
DH4~61W,NK_6832_61W,18.3,19.8,542621.65,7437008.06,518.82,1968,61.3,6.5,2.6,-0.01,0.02,-99,-99,2.6,99.39,-99,-99,-99,DG,402,-99,-99,-0.01,-99,-99,-99,-99,-99,-99
DH4~61W,NK_6833_61W,19.8,21.3,542621.65,7437008.06,517.32,1968,64.5,4.5,1.9,-0.01,0.02,-99,-99,2.1,100.76,-99,-99,-99,DG,402,-99,-99,-0.01,-99,-99,-99,-99,-99,-99
DH4~61W,NK_6834_61W,21.3,22.9,542621.65,7437008.06,515.77,1968,63.7,4.7,1.5,-0.01,0.01,-99,-99,2,99.3,-99,-99,-99,DG,402,-99,-99,-0.01,-99,-99,-99,-99,-99,-99
DH4~61W,NK_6835_61W,22.9,24.4,542621.65,7437008.06,514.22,1968,54.7,7.9,9.2,-0.01,0.06,-99,-99,4.8,100.24,-99,-99,-99,DG,402,-99,-99,-0.01,-99,-99,-99,-99,-99,-99
DH4~61W,NK_6836_61W,24.4,25.9,542621.65,7437008.06,512.72,1968,62.2,4.4,4.5,-0.01,0.05,-99,-99,3.4,101.34,-99,-99,-99,DG,402,-99,-99,-0.01,-99,-99,-99,-99,-99,-99
DH4~61W,NK_6837_61W,25.9,27.4,542621.65,7437008.06,511.22,1968,66.5,2.1,1.2,-0.01,0.03,-99,-99,2.4,100.85,-99,-99,-99,DG,402,-99,-99,-0.01,-99,-99,-99,-99,-99,-99
DH4~61W,NK_6838_61W,27.4,29,542621.65,7437008.06,509.67,1968,66.4,2.4,1.5,-0.01,0.01,-99,-99,2,100.86,-99,-99,-99,DG,402,-99,-99,-0.01,-99,-99,-99,-99,-99,-99
DH4~61W,NK_6839_61W,29,30.5,542621.65,7437008.06,508.12,1968,62.3,2.4,4.2,-0.01,0.03,-99,-99,2.9,98.64,-99,-99,-99,DG,402,-99,-99,-0.01,-99,-99,-99,-99,-99,-99
DH4~61W,NK_6840_61W,30.5,32,542621.65,7437008.06,506.62,1968,66.6,2.4,2,-0.01,0.01,-99,-99,1.6,101.24,-99,-99,-99,DG,402,-99,-99,-0.01,-99,-99,-99,-99,-99,-99
DH4~61W,NK_6841_61W,32,33.5,542621.65,7437008.06,505.12,1968,66,2.3,1.8,-0.01,0.03,-99,-99,1.7,100.23,-99,-99,-99,DG,402,-99,-99,-0.01,-99,-99,-99,-99,-99,-99
DH4~61W,NK_6842_61W,33.5,35.1,542621.65,7437008.06,503.57,1968,66.3,1.9,1.4,-0.01,0.03,-99,-99,1.9,100.06,-99,-99,-99,DG,402,-99,-99,-0.01,-99,-99,-99,-99,-99,-99
DH4~61W,NK_6843_61W,35.1,36.6,542621.65,7437008.06,502.02,1968,65.1,1.6,2.6,-0.01,0.04,-99,-99,2.6,99.97,-99,-99,-99,DG,402,-99,-99,-0.01,-99,-99,-99,-99,-99,-99
DH4~61W,NK_6844_61W,36.6,38.1,542621.65,7437008.06,500.52,1968,67,1.4,1.3,-0.01,0.03,-99,-99,1.7,100.26,-99,-99,-99,DG,402,-99,-99,-0.01,-99,-99,-99,-99,-99,-99
DH4~61W,NK_6845_61W,38.1,39.6,542621.65,7437008.06,499.02,1968,66.9,1.2,1.4,-0.01,0.01,-99,-99,1.7,99.97,-99,-99,-99,DG,402,-99,-99,-0.01,-99,-99,-99,-99,-99,-99
DH4~61W,NK_6846_61W,39.6,41.1,542621.65,7437008.06,497.52,1968,63.7,1.6,3.3,-0.01,0.04,-99,-99,3.2,99.26,-99,-99,-99,DG,402,-99,-99,-0.01,-99,-99,-99,-99,-99,-99
DH4~61W,NK_6847_61W,41.1,42.7,542621.65,7437008.06,495.97,1968,64.2,1.6,3.1,-0.01,0.05,-99,-99,3.3,99.9,-99,-99,-99,DG,402,-99,-99,-0.01,-99,-99,-99,-99,-99,-99
DH4~61W,NK_6848_61W,42.7,44.2,542621.65,7437008.06,494.42,1968,56.8,3.6,8.8,-0.01,0.08,-99,-99,6.3,100.09,-99,-99,-99,DG,412,-99,-99,-0.01,-99,-99,-99,-99,-99,-99
DH4~61W,NK_6849_61W,44.2,45.7,542621.65,7437008.06,492.92,1968,-99,-99,-99,-99,-99,-99,-99,-99,-99,-99,-99,-99,DG,412,-99,-99,-99,-99,-99,-99,-99,-99,-99
DH4~61W,NK_6850_61W,45.7,47.2,542621.65,7437008.06,491.42,1968,64.9,1.6,2.1,-0.01,0.07,-99,-99,3.1,99.75,-99,-99,-99,DG,412,-99,-99,-0.01,-99,-99,-99,-99,-99,-99
DH4~61W,NK_6901_61W,47.2,48.8,542621.65,7437008.06,489.87,1968,60.9,2.2,5.4,-0.01,0.13,-99,-99,5.1,100.07,-99,-99,-99,DG,412,-99,-99,-0.01,-99,-99,-99,-99,-99,-99
DH4~61W,NK_6902_61W,48.8,50.3,542621.65,7437008.06,488.32,1968,66.3,1,2.2,-0.01,0.07,-99,-99,2.4,100.55,-99,-99,-99,DG,412,-99,-99,-0.01,-99,-99,-99,-99,-99,-99
DH4~61W,NK_6903_61W,50.3,51.8,542621.65,7437008.06,486.82,1968,66.5,1.1,1.6,-0.01,0.06,-99,-99,2.2,100.11,-99,-99,-99,DG,412,-99,-99,-0.01,-99,-99,-99,-99,-99,-99
DH4~61W,NK_6904_61W,51.8,53.3,542621.65,7437008.06,485.32,1968,66.3,1.3,1.9,-0.01,0.01,-99,-99,2.2,100.21,-99,-99,-99,DG,412,-99,-99,-0.01,-99,-99,-99,-99,-99,-99
DH4~61W,NK_6905_61W,53.3,54.9,542621.65,7437008.06,483.77,1968,50.7,9.3,9,-0.01,0.16,-99,-99,6.3,97.45,-99,-99,-99,DG,412,-99,-99,-0.01,-99,-99,-99,-99,-99,-99
DH4~61W,NK_6906_61W,54.9,56.4,542621.65,7437008.06,482.22,1968,62.5,2.9,2.9,-0.01,0.15,-99,-99,4.9,100.4,-99,-99,-99,DG,412,-99,-99,-0.01,-99,-99,-99,-99,-99,-99
DH4~61W,NK_6907_61W,56.4,57.9,542621.65,7437008.06,480.72,1968,64.3,1.8,1.5,-0.01,0.11,-99,-99,3.3,98.78,-99,-99,-99,DG,412,-99,-99,-0.01,-99,-99,-99,-99,-99,-99
DH4~61W,NK_6908_61W,57.9,59.4,542621.65,7437008.06,479.22,1968,65.7,1.3,1.3,-0.01,0.02,-99,-99,3.5,100.08,-99,-99,-99,DG,412,-99,-99,-0.01,-99,-99,-99,-99,-99,-99
DH4~61W,NK_6909_61W,59.4,61,542621.65,7437008.06,477.67,1968,61.1,3.4,3.8,-0.01,0.16,-99,-99,4.7,99.62,-99,-99,-99,DG,412,-99,-99,-0.01,-99,-99,-99,-99,-99,-99
DH4~61W,NK_6910_61W,61,62.5,542621.65,7437008.06,476.12,1968,64,2.7,1.4,-0.01,0.17,-99,-99,4,99.99,-99,-99,-99,DG,412,-99,-99,-0.01,-99,-99,-99,-99,-99,-99
DH4~61W,NK_6911_61W,62.5,64,542621.65,7437008.06,474.62,1968,66.7,1.1,0.9,-0.01,0.11,-99,-99,2.5,100.11,-99,-99,-99,DG,412,-99,-99,-0.01,-99,-99,-99,-99,-99,-99
DH4~61W,NK_6912_61W,64,65.5,542621.65,7437008.06,473.12,1968,65.2,2.5,1.4,-0.01,0.09,-99,-99,2.7,100.02,-99,-99,-99,DG,412,-99,-99,-0.01,-99,-99,-99,-99,-99,-99
DH4~61W,NK_6913_61W,65.5,67.1,542621.65,7437008.06,471.57,1968,59.7,6.5,3.8,-0.01,0.11,-99,-99,4.3,100.21,-99,-99,-99,DG,412,-99,-99,-0.01,-99,-99,-99,-99,-99,-99
DH4~61W,NK_6914_61W,67.1,68.6,542621.65,7437008.06,470.02,1968,65.7,1.8,2.6,-0.01,0.08,-99,-99,2.1,100.62,-99,-99,-99,DG,412,-99,-99,-0.01,-99,-99,-99,-99,-99,-99
DH4~61W,NK_6915_61W,68.6,70.1,542621.65,7437008.06,468.52,1968,63.6,3.5,2.7,-0.01,0.12,-99,-99,2.9,100.31,-99,-99,-99,DG,412,-99,-99,-0.01,-99,-99,-99,-99,-99,-99
DH4~61W,NK_6916_61W,70.1,71.6,542621.65,7437008.06,467.02,1968,55.3,8,6.8,-0.01,0.18,-99,-99,5.8,100.08,-99,-99,-99,DG,412,-99,-99,-0.01,-99,-99,-99,-99,-99,-99
DH4~61W,NK_6917_61W,71.6,73.2,542621.65,7437008.06,465.47,1968,63.7,3.3,3.8,-0.01,0.08,-99,-99,2.4,100.76,-99,-99,-99,DG,422,-99,-99,-0.01,-99,-99,-99,-99,-99,-99
DH4~61W,NK_6918_61W,73.2,74.7,542621.65,7437008.06,463.92,1968,63.5,3.7,2.9,-0.01,0.09,-99,-99,2.5,100.09,-99,-99,-99,DG,422,-99,-99,-0.01,-99,-99,-99,-99,-99,-99
DH5~61W,NK_6673_61W,0,1.5,542647.06,7437062.24,546.16,1968,43.4,20.4,6.4,-0.01,0.05,-99,-99,6.4,95.36,-99,-99,-99,JOF,241,-99,-99,-0.01,-99,-99,-99,-99,-99,-99
DH5~61W,NK_6674_61W,1.5,3,542647.06,7437062.24,544.66,1968,44.4,26.4,3.5,-0.01,0.05,-99,-99,4.7,98.19,-99,-99,-99,JOF,241,-99,-99,-0.01,-99,-99,-99,-99,-99,-99
DH5~61W,NK_6675_61W,3,4.6,542647.06,7437062.24,543.11,1968,41.7,29.6,3.1,-0.01,0.04,-99,-99,5.3,97.71,-99,-99,-99,JOF,241,-99,-99,-0.01,-99,-99,-99,-99,-99,-99
DH5~61W,NK_6676_61W,4.6,6.1,542647.06,7437062.24,541.56,1968,43.5,25.6,4,-0.01,0.03,-99,-99,6.3,98.16,-99,-99,-99,JOF,241,-99,-99,-0.01,-99,-99,-99,-99,-99,-99
DH5~61W,NK_6677_61W,6.1,7.6,542647.06,7437062.24,540.06,1968,47.6,20.6,3.8,-0.01,0.03,-99,-99,5.4,97.92,-99,-99,-99,JOF,241,-99,-99,-0.01,-99,-99,-99,-99,-99,-99
DH5~61W,NK_6678_61W,7.6,9.1,542647.06,7437062.24,538.56,1968,52.6,14.6,4.4,-0.01,0.03,-99,-99,4.2,98.47,-99,-99,-99,JOF,241,-99,-99,-0.01,-99,-99,-99,-99,-99,-99
DH5~61W,NK_6679_61W,9.1,10.7,542647.06,7437062.24,537.01,1968,46.9,19.1,5.2,-0.01,0.03,-99,-99,5.8,97.22,-99,-99,-99,JOF,241,-99,-99,-0.01,-99,-99,-99,-99,-99,-99
DH5~61W,NK_6680_61W,10.7,12.2,542647.06,7437062.24,535.46,1968,53.9,12.3,4.3,-0.01,0.03,-99,-99,4.4,98.13,-99,-99,-99,JOF,241,-99,-99,-0.01,-99,-99,-99,-99,-99,-99
DH5~61W,NK_6681_61W,12.2,13.7,542647.06,7437062.24,533.96,1968,53.7,12.5,4.1,-0.01,0.01,-99,-99,4.5,97.9,-99,-99,-99,JOF,241,-99,-99,-0.01,-99,-99,-99,-99,-99,-99
DH5~61W,NK_6682_61W,13.7,15.2,542647.06,7437062.24,532.46,1968,51.6,14,5.9,-0.01,0.02,-99,-99,4.5,98.22,-99,-99,-99,JOF,241,-99,-99,-0.01,-99,-99,-99,-99,-99,-99
DH5~61W,NK_6683_61W,15.2,16.8,542647.06,7437062.24,530.91,1968,56.1,9.8,4.6,-0.01,0.03,-99,-99,4.1,98.78,-99,-99,-99,JOF,241,-99,-99,-0.01,-99,-99,-99,-99,-99,-99
DH5~61W,NK_6684_61W,16.8,18.3,542647.06,7437062.24,529.36,1968,47.8,14.5,8.6,-0.01,0.02,-99,-99,6,97.49,-99,-99,-99,JOF,241,-99,-99,-0.01,-99,-99,-99,-99,-99,-99
DH5~61W,NK_6685_61W,18.3,19.8,542647.06,7437062.24,527.86,1968,48.9,12.4,9.1,-0.01,0.03,-99,-99,6,97.48,-99,-99,-99,JOF,241,-99,-99,-0.01,-99,-99,-99,-99,-99,-99
DH5~61W,NK_6686_61W,19.8,21.3,542647.06,7437062.24,526.36,1968,48.6,13.3,8.8,-0.01,0.05,-99,-99,5.7,97.4,-99,-99,-99,JOF,241,-99,-99,-0.01,-99,-99,-99,-99,-99,-99
DH5~61W,NK_6687_61W,21.3,22.9,542647.06,7437062.24,524.81,1968,55,8.8,5.5,-0.01,0.05,-99,-99,4.4,97.45,-99,-99,-99,JOF,241,-99,-99,-0.01,-99,-99,-99,-99,-99,-99
DH5~61W,NK_6688_61W,22.9,24.4,542647.06,7437062.24,523.26,1968,-99,-99,-99,-99,-99,-99,-99,-99,-99,-99,-99,-99,DG,422,-99,-99,-99,-99,-99,-99,-99,-99,-99
DH5~61W,NK_6689_61W,24.4,25.9,542647.06,7437062.24,521.76,1968,53,10.2,6.8,-0.01,0.03,-99,-99,4.5,97.34,-99,-99,-99,DG,422,-99,-99,-0.01,-99,-99,-99,-99,-99,-99
DH5~61W,NK_6690_61W,25.9,27.4,542647.06,7437062.24,520.26,1968,58.1,6.9,5,-0.01,0.03,-99,-99,4.3,99.34,-99,-99,-99,DG,422,-99,-99,-0.01,-99,-99,-99,-99,-99,-99
DH5~61W,NK_6691_61W,27.4,29,542647.06,7437062.24,518.71,1968,60.6,6.1,3.6,-0.01,0.09,-99,-99,3.9,100.45,-99,-99,-99,DG,422,-99,-99,-0.01,-99,-99,-99,-99,-99,-99
DH5~61W,NK_6692_61W,29,30.5,542647.06,7437062.24,517.16,1968,63.9,4.4,2.2,-0.01,0.02,-99,-99,2,100.01,-99,-99,-99,DG,422,-99,-99,-0.01,-99,-99,-99,-99,-99,-99
DH5~61W,NK_6693_61W,30.5,32,542647.06,7437062.24,515.66,1968,58.6,7.5,4.4,-0.01,0.06,-99,-99,4,99.82,-99,-99,-99,DG,422,-99,-99,-0.01,-99,-99,-99,-99,-99,-99
DH5~61W,NK_6694_61W,32,33.5,542647.06,7437062.24,514.16,1968,64,4.2,2.2,-0.01,0.06,-99,-99,2.4,100.44,-99,-99,-99,DG,422,-99,-99,-0.01,-99,-99,-99,-99,-99,-99
DH5~61W,NK_6695_61W,33.5,35.1,542647.06,7437062.24,512.61,1968,59.7,7.2,3.3,-0.01,0.07,-99,-99,3.6,99.61,-99,-99,-99,DG,422,-99,-99,-0.01,-99,-99,-99,-99,-99,-99
DH5~61W,NK_6696_61W,35.1,36.6,542647.06,7437062.24,511.06,1968,58,7.4,4.9,-0.01,0.1,-99,-99,4.7,100.15,-99,-99,-99,DG,422,-99,-99,-0.01,-99,-99,-99,-99,-99,-99
DH5~61W,NK_6697_61W,36.6,38.1,542647.06,7437062.24,509.56,1968,61,5.8,3.4,-0.01,0.1,-99,-99,3.6,100.24,-99,-99,-99,DG,422,-99,-99,-0.01,-99,-99,-99,-99,-99,-99
DH5~61W,NK_6698_61W,38.1,39.6,542647.06,7437062.24,508.06,1968,61.9,5.7,3.1,-0.01,0.06,-99,-99,3.1,100.54,-99,-99,-99,DG,422,-99,-99,-0.01,-99,-99,-99,-99,-99,-99
DH5~61W,NK_6699_61W,39.6,41.1,542647.06,7437062.24,506.56,1968,61.3,5.2,3.3,-0.01,0.07,-99,-99,2.9,99.2,-99,-99,-99,DG,422,-99,-99,-0.01,-99,-99,-99,-99,-99,-99
DH5~61W,NK_6700_61W,41.1,42.7,542647.06,7437062.24,505.01,1968,62,5,2.6,-0.01,0.07,-99,-99,2.8,99.2,-99,-99,-99,DG,422,-99,-99,-0.01,-99,-99,-99,-99,-99,-99
DH5~61W,NK_6751_61W,42.7,44.2,542647.06,7437062.24,503.46,1968,59.8,5.5,4.3,-0.01,0.11,-99,-99,2.5,98.05,-99,-99,-99,DG,422,-99,-99,-0.01,-99,-99,-99,-99,-99,-99
DH5~61W,NK_6752_61W,44.2,45.7,542647.06,7437062.24,501.96,1968,61,6.5,3,-0.01,0.08,-99,-99,3.4,100.3,-99,-99,-99,DG,422,-99,-99,-0.01,-99,-99,-99,-99,-99,-99
DH5~61W,NK_6753_61W,45.7,47.2,542647.06,7437062.24,500.46,1968,61.5,5.5,3.3,-0.01,0.07,-99,-99,3,99.89,-99,-99,-99,DG,422,-99,-99,-0.01,-99,-99,-99,-99,-99,-99
DH5~61W,NK_6754_61W,47.2,48.8,542647.06,7437062.24,498.91,1968,62.7,4.2,2.7,-0.01,0.08,-99,-99,3.1,99.83,-99,-99,-99,DG,422,-99,-99,-0.01,-99,-99,-99,-99,-99,-99
DH5~61W,NK_6755_61W,48.8,50.3,542647.06,7437062.24,497.36,1968,63.9,3,2.6,-0.01,0.07,-99,-99,2.7,99.82,-99,-99,-99,DG,422,-99,-99,-0.01,-99,-99,-99,-99,-99,-99
DH5~61W,NK_6756_61W,50.3,51.8,542647.06,7437062.24,495.86,1968,65.1,2.8,2,-0.01,0.06,-99,-99,2.2,100.21,-99,-99,-99,DG,422,-99,-99,-0.01,-99,-99,-99,-99,-99,-99
DH5~61W,NK_6757_61W,51.8,53.3,542647.06,7437062.24,494.36,1968,61.9,4.3,3.1,-0.01,0.06,-99,-99,2.7,98.74,-99,-99,-99,DG,422,-99,-99,-0.01,-99,-99,-99,-99,-99,-99
DH5~61W,NK_6758_61W,53.3,54.9,542647.06,7437062.24,492.81,1968,61.8,3.7,2.9,-0.01,0.09,-99,-99,4.2,99.36,-99,-99,-99,DG,422,-99,-99,-0.01,-99,-99,-99,-99,-99,-99
DH5~61W,NK_6759_61W,54.9,56.4,542647.06,7437062.24,491.26,1968,62.8,3.1,3,-0.01,0.09,-99,-99,4.2,100.29,-99,-99,-99,DG,422,-99,-99,-0.01,-99,-99,-99,-99,-99,-99
DH5~61W,NK_6760_61W,56.4,57.9,542647.06,7437062.24,489.76,1968,60.5,3,5.3,-0.01,0.09,-99,-99,4.5,99.5,-99,-99,-99,MCS,502,-99,-99,-0.01,-99,-99,-99,-99,-99,-99
DH5~61W,NK_6761_61W,57.9,59.4,542647.06,7437062.24,488.26,1968,61.5,3.8,4.4,-0.01,0.09,-99,-99,4.1,100.43,-99,-99,-99,MCS,502,-99,-99,-0.01,-99,-99,-99,-99,-99,-99
DH5~61W,NK_6762_61W,59.4,61,542647.06,7437062.24,486.71,1968,62.2,3.6,3.5,-0.01,0.08,-99,-99,3.6,99.81,-99,-99,-99,MCS,502,-99,-99,-0.01,-99,-99,-99,-99,-99,-99
DH5~61W,NK_6763_61W,61,62.5,542647.06,7437062.24,485.16,1968,64.4,2.6,2.1,-0.01,0.09,-99,-99,3.1,100.08,-99,-99,-99,MCS,502,-99,-99,-0.01,-99,-99,-99,-99,-99,-99
DH5~61W,NK_6764_61W,62.5,64,542647.06,7437062.24,483.66,1968,61.1,2,5,-0.01,0.2,-99,-99,5.8,100.61,-99,-99,-99,MCS,502,-99,-99,-0.01,-99,-99,-99,-99,-99,-99
DH5~61W,NK_6765_61W,64,65.5,542647.06,7437062.24,482.16,1968,63.8,2.2,1.8,-0.01,0.15,-99,-99,4.6,100.16,-99,-99,-99,MCS,502,-99,-99,-0.01,-99,-99,-99,-99,-99,-99
DH5~61W,NK_6766_61W,65.5,67.1,542647.06,7437062.24,480.61,1968,54.9,6.7,6.3,-0.01,0.21,-99,-99,7,98.97,-99,-99,-99,MCS,502,-99,-99,-0.01,-99,-99,-99,-99,-99,-99
DH5~61W,NK_6767_61W,67.1,68.6,542647.06,7437062.24,479.06,1968,57.3,5.1,5.1,-0.01,0.19,-99,-99,6.5,99.06,-99,-99,-99,MCS,502,-99,-99,-0.01,-99,-99,-99,-99,-99,-99
DH5~61W,NK_6768_61W,68.6,70.1,542647.06,7437062.24,477.56,1968,58.9,3.1,5.1,-0.01,0.19,-99,-99,7.5,100.35,-99,-99,-99,MCS,502,-99,-99,-0.01,-99,-99,-99,-99,-99,-99
DH5~61W,NK_6769_61W,70.1,71.6,542647.06,7437062.24,476.06,1968,50.6,9.4,7.5,-0.01,0.24,-99,-99,8.6,98.39,-99,-99,-99,MCS,601,-99,-99,-0.01,-99,-99,-99,-99,-99,-99
DH5~61W,NK_6770_61W,71.6,73.2,542647.06,7437062.24,474.51,1968,29.6,37.9,13.9,-0.01,0.09,-99,-99,6.8,101.13,-99,-99,-99,MCS,601,-99,-99,-0.01,-99,-99,-99,-99,-99,-99
DH5~61W,NK_6771_61W,73.2,74.7,542647.06,7437062.24,472.96,1968,24.3,43,13.9,-0.01,0.08,-99,-99,7.2,99.03,-99,-99,-99,MCS,601,-99,-99,-0.01,-99,-99,-99,-99,-99,-99
DH5~61W,NK_6772_61W,74.7,76.2,542647.06,7437062.24,471.46,1968,35.7,30.4,10.8,-0.01,0.11,-99,-99,7.2,99.69,-99,-99,-99,MCS,601,-99,-99,-0.01,-99,-99,-99,-99,-99,-99
DH5~61W,NK_6773_61W,76.2,77.7,542647.06,7437062.24,469.96,1968,22.9,45.4,13.3,-0.01,0.08,-99,-99,7.6,99.22,-99,-99,-99,MCS,601,-99,-99,-0.01,-99,-99,-99,-99,-99,-99
DH5~61W,NK_6774_61W,77.7,79.2,542647.06,7437062.24,468.46,1968,19.5,48.9,13.6,-0.01,0.05,-99,-99,7.1,97.59,-99,-99,-99,MCS,601,-99,-99,-0.01,-99,-99,-99,-99,-99,-99
DH5~61W,NK_6775_61W,79.2,80.8,542647.06,7437062.24,466.91,1968,17.5,51.6,14.7,-0.01,0.03,-99,-99,7,98.39,-99,-99,-99,MCS,601,-99,-99,-0.01,-99,-99,-99,-99,-99,-99
DH5~61W,NK_6776_61W,80.8,82.3,542647.06,7437062.24,465.36,1968,14.5,53.6,15.7,-0.01,0.03,-99,-99,7,97.1,-99,-99,-99,MCS,601,-99,-99,-0.01,-99,-99,-99,-99,-99,-99
DH5~61W,NK_6777_61W,82.3,83.8,542647.06,7437062.24,463.86,1968,13.1,52.6,17.1,-0.01,0.02,-99,-99,8.4,96.88,-99,-99,-99,MCS,601,-99,-99,-0.01,-99,-99,-99,-99,-99,-99
DH5~61W,NK_6778_61W,83.8,85.3,542647.06,7437062.24,462.36,1968,13.7,51.5,18.7,-0.01,0.02,-99,-99,8,97.83,-99,-99,-99,MCS,601,-99,-99,-0.01,-99,-99,-99,-99,-99,-99
DH5~61W,NK_6779_61W,85.3,86.9,542647.06,7437062.24,460.81,1968,6.5,60.7,20.5,-0.01,0.01,-99,-99,7.6,98.12,-99,-99,-99,MCS,601,-99,-99,-0.01,-99,-99,-99,-99,-99,-99
DH5~61W,NK_6780_61W,86.9,88.4,542647.06,7437062.24,459.26,1968,-99,-99,-99,-99,-99,-99,-99,-99,-99,-99,-99,-99,MCS,601,-99,-99,-99,-99,-99,-99,-99,-99,-99
DH5~61W,NK_6781_61W,88.4,89.9,542647.06,7437062.24,457.76,1968,39.4,25.1,8.6,-0.01,0.03,-99,-99,9.1,99.2,-99,-99,-99,MCS,601,-99,-99,-0.01,-99,-99,-99,-99,-99,-99
DH5~61W,NK_6782_61W,89.9,91.4,542647.06,7437062.24,456.26,1968,43.2,23.5,5.9,-0.01,0.04,-99,-99,7.7,98.96,-99,-99,-99,MCS,601,-99,-99,-0.01,-99,-99,-99,-99,-99,-99
DH6~61W,NK_6483_61W,0,1.5,542672.33,7437115.43,545.79,1968,38.9,23.5,8.7,-0.01,0.18,-99,-99,8.1,96.33,-99,-99,-99,JOF,265,-99,-99,-0.01,-99,-99,-99,-99,-99,-99
DH6~61W,NK_6484_61W,1.5,3,542672.33,7437115.43,544.29,1968,51.1,15.6,3.7,-0.01,0.16,-99,-99,6,98.73,-99,-99,-99,JOF,265,-99,-99,-0.01,-99,-99,-99,-99,-99,-99
DH6~61W,NK_6485_61W,3,4.6,542672.33,7437115.43,542.74,1968,51.9,16.3,1.6,-0.01,0.15,-99,-99,7.7,100.15,-99,-99,-99,JOF,265,-99,-99,-0.01,-99,-99,-99,-99,-99,-99
DH6~61W,NK_6486_61W,4.6,6.1,542672.33,7437115.43,541.19,1968,48.9,23.4,2,-0.01,0.11,-99,-99,4.3,99.87,-99,-99,-99,JOF,265,-99,-99,-0.01,-99,-99,-99,-99,-99,-99
DH6~61W,NK_6487_61W,6.1,7.6,542672.33,7437115.43,539.69,1968,55.2,12.5,2.8,-0.01,0.13,-99,-99,4.7,99.22,-99,-99,-99,JOF,265,-99,-99,-0.01,-99,-99,-99,-99,-99,-99
DH6~61W,NK_6488_61W,7.6,9.1,542672.33,7437115.43,538.19,1968,49.7,19,4.6,-0.01,0.12,-99,-99,5.7,100.63,-99,-99,-99,JOF,265,-99,-99,-0.01,-99,-99,-99,-99,-99,-99
DH6~61W,NK_6489_61W,9.1,10.7,542672.33,7437115.43,536.64,1968,55.2,12.5,2.1,-0.01,0.2,-99,-99,5.5,99.48,-99,-99,-99,JOF,265,-99,-99,-0.01,-99,-99,-99,-99,-99,-99
DH6~61W,NK_6490_61W,10.7,12.2,542672.33,7437115.43,535.09,1968,58.9,9.2,3.2,-0.01,0.13,-99,-99,4,100.91,-99,-99,-99,JOF,265,-99,-99,-0.01,-99,-99,-99,-99,-99,-99
DH6~61W,NK_6491_61W,12.2,13.7,542672.33,7437115.43,533.59,1968,60.4,6.7,3,-0.01,0.1,-99,-99,4,100.28,-99,-99,-99,JOF,252,-99,-99,-0.01,-99,-99,-99,-99,-99,-99
DH6~61W,NK_6492_61W,13.7,15.2,542672.33,7437115.43,532.09,1968,60.7,6.2,3.1,-0.01,0.09,-99,-99,4,100.29,-99,-99,-99,JOF,252,-99,-99,-0.01,-99,-99,-99,-99,-99,-99
DH6~61W,NK_6493_61W,15.2,16.8,542672.33,7437115.43,530.54,1968,60.3,5.5,2.7,-0.01,0.05,-99,-99,4.1,98.63,-99,-99,-99,JOF,252,-99,-99,-0.01,-99,-99,-99,-99,-99,-99
DH6~61W,NK_6494_61W,16.8,18.3,542672.33,7437115.43,528.99,1968,-99,-99,-99,-99,-99,-99,-99,-99,-99,-99,-99,-99,UDF,90,-99,-99,-99,-99,-99,-99,-99,-99,-99
DH6~61W,NK_6495_61W,18.3,19.8,542672.33,7437115.43,527.49,1968,-99,-99,-99,-99,-99,-99,-99,-99,-99,-99,-99,-99,UDF,90,-99,-99,-99,-99,-99,-99,-99,-99,-99
DH6~61W,NK_6496_61W,19.8,21.3,542672.33,7437115.43,525.99,1968,-99,-99,-99,-99,-99,-99,-99,-99,-99,-99,-99,-99,UDF,90,-99,-99,-99,-99,-99,-99,-99,-99,-99
DH6~61W,NK_6497_61W,21.3,22.9,542672.33,7437115.43,524.44,1968,-99,-99,-99,-99,-99,-99,-99,-99,-99,-99,-99,-99,DG,422,-99,-99,-99,-99,-99,-99,-99,-99,-99
DH6~61W,NK_6498_61W,22.9,24.4,542672.33,7437115.43,522.89,1968,-99,-99,-99,-99,-99,-99,-99,-99,-99,-99,-99,-99,DG,422,-99,-99,-99,-99,-99,-99,-99,-99,-99
DH6~61W,NK_6499_61W,24.4,25.9,542672.33,7437115.43,521.39,1968,-99,-99,-99,-99,-99,-99,-99,-99,-99,-99,-99,-99,DG,422,-99,-99,-99,-99,-99,-99,-99,-99,-99
DH6~61W,NK_6500_61W,25.9,27.4,542672.33,7437115.43,519.89,1968,62.9,2.2,1.3,-0.01,0.06,-99,-99,2.2,95.77,-99,-99,-99,DG,422,-99,-99,-0.01,-99,-99,-99,-99,-99,-99
DH6~61W,NK_6651_61W,27.4,29,542672.33,7437115.43,518.34,1968,-99,-99,-99,-99,-99,-99,-99,-99,-99,-99,-99,-99,MCS,502,-99,-99,-99,-99,-99,-99,-99,-99,-99
DH6~61W,NK_6652_61W,29,30.5,542672.33,7437115.43,516.79,1968,-99,-99,-99,-99,-99,-99,-99,-99,-99,-99,-99,-99,MCS,502,-99,-99,-99,-99,-99,-99,-99,-99,-99
DH6~61W,NK_6653_61W,30.5,32,542672.33,7437115.43,515.29,1968,60.7,2.6,2.1,-0.01,0.13,-99,-99,6,97.78,-99,-99,-99,MCS,502,-99,-99,-0.01,-99,-99,-99,-99,-99,-99
DH6~61W,NK_6654_61W,32,33.5,542672.33,7437115.43,513.79,1968,60.6,3.2,2.6,-0.01,0.11,-99,-99,5.1,97.79,-99,-99,-99,MCS,502,-99,-99,-0.01,-99,-99,-99,-99,-99,-99
DH6~61W,NK_6655_61W,33.5,35.1,542672.33,7437115.43,512.24,1968,60.5,4,2.8,-0.01,0.16,-99,-99,5.5,99.16,-99,-99,-99,MCS,502,-99,-99,-0.01,-99,-99,-99,-99,-99,-99
DH6~61W,NK_6656_61W,35.1,36.6,542672.33,7437115.43,510.69,1968,54.5,6.2,4.6,-0.01,0.22,-99,-99,8.2,97.42,-99,-99,-99,MCS,502,-99,-99,-0.01,-99,-99,-99,-99,-99,-99
DH6~61W,NK_6657_61W,36.6,38.1,542672.33,7437115.43,509.19,1968,52.8,6.9,5,-0.01,0.19,-99,-99,8.2,96.02,-99,-99,-99,MCS,502,-99,-99,-0.01,-99,-99,-99,-99,-99,-99
DH6~61W,NK_6658_61W,38.1,39.6,542672.33,7437115.43,507.69,1968,54.2,5.4,3.5,-0.01,0.26,-99,-99,9.8,96.79,-99,-99,-99,MCS,502,-99,-99,-0.01,-99,-99,-99,-99,-99,-99
DH6~61W,NK_6659_61W,39.6,41.2,542672.33,7437115.43,506.14,1968,50.8,8.6,5.8,-0.01,0.35,-99,-99,9.8,97.63,-99,-99,-99,MCS,601,-99,-99,-0.01,-99,-99,-99,-99,-99,-99
DH6~61W,NK_6660_61W,41.2,42.7,542672.33,7437115.43,504.59,1968,44.3,14.5,9.8,-0.01,0.21,-99,-99,9.3,97.42,-99,-99,-99,MCS,601,-99,-99,-0.01,-99,-99,-99,-99,-99,-99
DH6~61W,NK_6661_61W,42.7,44.2,542672.33,7437115.43,503.09,1968,-99,-99,-99,-99,-99,-99,-99,-99,-99,-99,-99,-99,MCS,601,-99,-99,-99,-99,-99,-99,-99,-99,-99
DH6~61W,NK_6662_61W,44.2,45.7,542672.33,7437115.43,501.59,1968,-99,-99,-99,-99,-99,-99,-99,-99,-99,-99,-99,-99,MCS,601,-99,-99,-99,-99,-99,-99,-99,-99,-99
DH6~61W,NK_6663_61W,45.7,47.2,542672.33,7437115.43,500.09,1968,-99,-99,-99,-99,-99,-99,-99,-99,-99,-99,-99,-99,MCS,601,-99,-99,-99,-99,-99,-99,-99,-99,-99
DH6~61W,NK_6664_61W,47.2,48.8,542672.33,7437115.43,498.54,1968,-99,-99,-99,-99,-99,-99,-99,-99,-99,-99,-99,-99,MCS,601,-99,-99,-99,-99,-99,-99,-99,-99,-99
DH6~61W,NK_6665_61W,48.8,50.3,542672.33,7437115.43,496.99,1968,-99,-99,-99,-99,-99,-99,-99,-99,-99,-99,-99,-99,MCS,601,-99,-99,-99,-99,-99,-99,-99,-99,-99
DH6~61W,NK_6666_61W,50.3,51.8,542672.33,7437115.43,495.49,1968,-99,-99,-99,-99,-99,-99,-99,-99,-99,-99,-99,-99,MCS,601,-99,-99,-99,-99,-99,-99,-99,-99,-99
DH6~61W,NK_6667_61W,51.8,53.3,542672.33,7437115.43,493.99,1968,-99,-99,-99,-99,-99,-99,-99,-99,-99,-99,-99,-99,MCS,601,-99,-99,-99,-99,-99,-99,-99,-99,-99
DH6~61W,NK_6668_61W,53.3,54.9,542672.33,7437115.43,492.44,1968,-99,-99,-99,-99,-99,-99,-99,-99,-99,-99,-99,-99,MCS,601,-99,-99,-99,-99,-99,-99,-99,-99,-99
DH6~61W,NK_6669_61W,54.9,56.4,542672.33,7437115.43,490.89,1968,-99,-99,-99,-99,-99,-99,-99,-99,-99,-99,-99,-99,MCS,601,-99,-99,-99,-99,-99,-99,-99,-99,-99
DH6~61W,NK_6670_61W,56.4,57.9,542672.33,7437115.43,489.39,1968,-99,-99,-99,-99,-99,-99,-99,-99,-99,-99,-99,-99,MCS,601,-99,-99,-99,-99,-99,-99,-99,-99,-99
DH6~61W,NK_6671_61W,57.9,59.5,542672.33,7437115.43,487.84,1968,-99,-99,-99,-99,-99,-99,-99,-99,-99,-99,-99,-99,MCS,601,-99,-99,-99,-99,-99,-99,-99,-99,-99
DH6~61W,NK_6672_61W,59.5,61,542672.33,7437115.43,486.29,1968,-99,-99,-99,-99,-99,-99,-99,-99,-99,-99,-99,-99,MCS,601,-99,-99,-99,-99,-99,-99,-99,-99,-99
DH7~61W,NK_6443_61W,0,1.5,542694.28,7437171.67,540.52,1968,49.8,18.7,4,-0.01,0.09,-99,-99,4,98.11,-99,-99,-99,WS,321,-99,-99,-0.01,-99,-99,-99,-99,-99,-99
DH7~61W,NK_6444_61W,1.5,3,542694.28,7437171.67,539.02,1968,48.3,19.5,4,-0.01,0.14,-99,-99,5.5,98.38,-99,-99,-99,WS,321,-99,-99,-0.01,-99,-99,-99,-99,-99,-99
DH7~61W,NK_6445_61W,3,4.6,542694.28,7437171.67,537.47,1968,44.6,17.7,6.6,-0.01,0.23,-99,-99,9.5,98.09,-99,-99,-99,WS,321,-99,-99,-0.01,-99,-99,-99,-99,-99,-99
DH7~61W,NK_6446_61W,4.6,6.1,542694.28,7437171.67,535.92,1968,41.8,23.4,5.8,-0.01,0.17,-99,-99,8.2,97.55,-99,-99,-99,WS,321,-99,-99,-0.01,-99,-99,-99,-99,-99,-99
DH7~61W,NK_6447_61W,6.1,7.6,542694.28,7437171.67,534.42,1968,45.1,19.3,5.9,-0.01,0.09,-99,-99,7.7,97.59,-99,-99,-99,WS,321,-99,-99,-0.01,-99,-99,-99,-99,-99,-99
DH7~61W,NK_6448_61W,7.6,9.1,542694.28,7437171.67,532.92,1968,50.8,15.2,5.1,-0.01,0.13,-99,-99,5.6,98.83,-99,-99,-99,WS,321,-99,-99,-0.01,-99,-99,-99,-99,-99,-99
DH7~61W,NK_6449_61W,9.1,10.7,542694.28,7437171.67,531.37,1968,41,21.9,9.4,-0.01,0.19,-99,-99,9.3,99.65,-99,-99,-99,WS,321,-99,-99,-0.01,-99,-99,-99,-99,-99,-99
DH7~61W,NK_6450_61W,10.7,12.2,542694.28,7437171.67,529.82,1968,44.6,19,5.3,-0.01,0.25,-99,-99,9.2,97.84,-99,-99,-99,WS,321,-99,-99,-0.01,-99,-99,-99,-99,-99,-99
DH7~61W,NK_6451_61W,12.2,13.7,542694.28,7437171.67,528.32,1968,51.1,12.8,3.5,-0.01,0.15,-99,-99,8.5,98.2,-99,-99,-99,WS,321,-99,-99,-0.01,-99,-99,-99,-99,-99,-99
DH7~61W,NK_6452_61W,13.7,15.2,542694.28,7437171.67,526.82,1968,51.1,13.2,4.3,-0.01,0.14,-99,-99,10.3,101.18,-99,-99,-99,WS,321,-99,-99,-0.01,-99,-99,-99,-99,-99,-99
DH7~61W,NK_6453_61W,15.2,16.8,542694.28,7437171.67,525.27,1968,34.5,25.7,12.6,-0.01,0.12,-99,-99,8.4,96.3,-99,-99,-99,MCS,601,-99,-99,-0.01,-99,-99,-99,-99,-99,-99
DH7~61W,NK_6454_61W,16.8,18.3,542694.28,7437171.67,523.72,1968,-99,-99,-99,-99,-99,-99,-99,-99,-99,-99,-99,-99,MCS,601,-99,-99,-99,-99,-99,-99,-99,-99,-99
DH7~61W,NK_6455_61W,18.3,19.8,542694.28,7437171.67,522.22,1968,-99,-99,-99,-99,-99,-99,-99,-99,-99,-99,-99,-99,MCS,601,-99,-99,-99,-99,-99,-99,-99,-99,-99
DH7~61W,NK_6456_61W,19.8,21.3,542694.28,7437171.67,520.72,1968,-99,-99,-99,-99,-99,-99,-99,-99,-99,-99,-99,-99,MCS,601,-99,-99,-99,-99,-99,-99,-99,-99,-99
DH7~61W,NK_6457_61W,21.3,22.9,542694.28,7437171.67,519.17,1968,-99,-99,-99,-99,-99,-99,-99,-99,-99,-99,-99,-99,MCS,601,-99,-99,-99,-99,-99,-99,-99,-99,-99
DH7~61W,NK_6458_61W,22.9,24.4,542694.28,7437171.67,517.62,1968,-99,-99,-99,-99,-99,-99,-99,-99,-99,-99,-99,-99,MCS,601,-99,-99,-99,-99,-99,-99,-99,-99,-99
DH7~61W,NK_6459_61W,24.4,25.9,542694.28,7437171.67,516.12,1968,-99,-99,-99,-99,-99,-99,-99,-99,-99,-99,-99,-99,MCS,601,-99,-99,-99,-99,-99,-99,-99,-99,-99
DH7~61W,NK_6460_61W,25.9,27.4,542694.28,7437171.67,514.62,1968,6.4,68.4,13.6,-0.01,0.02,-99,-99,5,96.2,-99,-99,-99,MCS,601,-99,-99,-0.01,-99,-99,-99,-99,-99,-99
DH7~61W,NK_6461_61W,27.4,29,542694.28,7437171.67,513.07,1968,7.5,68.6,12.3,-0.01,0.03,-99,-99,5.1,96.79,-99,-99,-99,MCS,601,-99,-99,-0.01,-99,-99,-99,-99,-99,-99
DH7~61W,NK_6462_61W,29,30.5,542694.28,7437171.67,511.52,1968,6.5,72.8,10.5,-0.01,0.05,-99,-99,4.5,97.21,-99,-99,-99,MCS,601,-99,-99,-0.01,-99,-99,-99,-99,-99,-99
DH7~61W,NK_6463_61W,30.5,32,542694.28,7437171.67,510.02,1968,8.7,70.6,10.3,-0.01,0.03,-99,-99,4.3,97.71,-99,-99,-99,MCS,601,-99,-99,-0.01,-99,-99,-99,-99,-99,-99
DH7~61W,NK_6464_61W,32,33.5,542694.28,7437171.67,508.52,1968,10.7,69.2,10.4,-0.01,0.03,-99,-99,4,98.97,-99,-99,-99,MCS,601,-99,-99,-0.01,-99,-99,-99,-99,-99,-99
DH7~61W,NK_6465_61W,33.5,35.1,542694.28,7437171.67,506.97,1968,4.3,74.9,12.1,-0.01,0.31,-99,-99,4,97.86,-99,-99,-99,MCS,601,-99,-99,-0.01,-99,-99,-99,-99,-99,-99
DH7~61W,NK_6466_61W,35.1,36.6,542694.28,7437171.67,505.42,1968,7.3,70.2,14.4,-0.01,0.02,-99,-99,3.2,98.28,-99,-99,-99,MCS,601,-99,-99,-0.01,-99,-99,-99,-99,-99,-99
DH7~61W,NK_6467_61W,36.6,38.1,542694.28,7437171.67,503.92,1968,6,70.4,13.6,-0.01,0.02,-99,-99,4.7,97.32,-99,-99,-99,MCS,601,-99,-99,-0.01,-99,-99,-99,-99,-99,-99
DH7~61W,NK_6468_61W,38.1,39.6,542694.28,7437171.67,502.42,1968,3.4,72.6,13.7,-0.01,0.01,-99,-99,4.9,96.08,-99,-99,-99,MCS,601,-99,-99,-0.01,-99,-99,-99,-99,-99,-99
DH7~61W,NK_6469_61W,39.6,41.1,542694.28,7437171.67,500.92,1968,9.1,67.3,14,-0.01,0.03,-99,-99,5.2,99.58,-99,-99,-99,MCS,601,-99,-99,-0.01,-99,-99,-99,-99,-99,-99
DH7~61W,NK_6470_61W,41.1,42.6,542694.28,7437171.67,499.42,1968,-99,-99,-99,-99,-99,-99,-99,-99,-99,-99,-99,-99,MCS,601,-99,-99,-99,-99,-99,-99,-99,-99,-99
DH7~61W,DH7~61W_44.2,42.6,44.2,542694.28,7437171.67,497.87,1968,-99,-99,-99,-99,-99,-99,-99,-99,-99,-99,-99,-99,MCS,601,-99,-99,-99,-99,-99,-99,-99,-99,-99
DH7~61W,NK_6471_61W,42.7,44.2,542694.28,7437171.67,497.82,1968,16.1,63.4,10.7,-0.01,0.06,-99,-99,4.5,101.76,-99,-99,-99,MCS,601,-99,-99,-0.01,-99,-99,-99,-99,-99,-99
DH7~61W,NK_6472_61W,44.2,45.7,542694.28,7437171.67,496.32,1968,18.8,58.9,9.3,-0.01,0.09,-99,-99,4.8,100.08,-99,-99,-99,MCS,601,-99,-99,-0.01,-99,-99,-99,-99,-99,-99
DH7~61W,NK_6473_61W,45.7,47.2,542694.28,7437171.67,494.82,1968,12.6,61.6,13.9,-0.01,0.05,-99,-99,5.4,99.03,-99,-99,-99,MCS,601,-99,-99,-0.01,-99,-99,-99,-99,-99,-99
DH7~61W,NK_6474_61W,47.2,48.8,542694.28,7437171.67,493.27,1968,-99,-99,-99,-99,-99,-99,-99,-99,-99,-99,-99,-99,MCS,601,-99,-99,-99,-99,-99,-99,-99,-99,-99
DH7~61W,NK_6475_61W,48.8,50.3,542694.28,7437171.67,491.72,1968,-99,-99,-99,-99,-99,-99,-99,-99,-99,-99,-99,-99,MCS,601,-99,-99,-99,-99,-99,-99,-99,-99,-99
DH7~61W,NK_6476_61W,50.3,51.8,542694.28,7437171.67,490.22,1968,10.8,69.5,9.7,-0.01,0.05,-99,-99,4.3,99.06,-99,-99,-99,MCS,601,-99,-99,-0.01,-99,-99,-99,-99,-99,-99
DH7~61W,NK_6477_61W,51.8,53.3,542694.28,7437171.67,488.72,1968,5.6,70.3,14,-0.01,0.02,-99,-99,5,97.35,-99,-99,-99,MCS,601,-99,-99,-0.01,-99,-99,-99,-99,-99,-99
DH7~61W,NK_6478_61W,53.3,54.9,542694.28,7437171.67,487.17,1968,-99,-99,-99,-99,-99,-99,-99,-99,-99,-99,-99,-99,MCS,601,-99,-99,-99,-99,-99,-99,-99,-99,-99
DH7~61W,NK_6479_61W,54.9,56.4,542694.28,7437171.67,485.62,1968,11,65,10.9,-0.01,0.03,-99,-99,4.8,96.5,-99,-99,-99,MCS,601,-99,-99,-0.01,-99,-99,-99,-99,-99,-99
DH7~61W,NK_6480_61W,56.4,57.9,542694.28,7437171.67,484.12,1968,16.8,59.7,8.3,-0.01,0.05,-99,-99,5.4,97.53,-99,-99,-99,MCS,601,-99,-99,-0.01,-99,-99,-99,-99,-99,-99
DH7~61W,NK_6481_61W,57.9,59.4,542694.28,7437171.67,482.62,1968,16.8,62.8,6.9,-0.01,0.06,-99,-99,4.3,98.16,-99,-99,-99,MCS,601,-99,-99,-0.01,-99,-99,-99,-99,-99,-99
DH7~61W,NK_6482_61W,59.4,61,542694.28,7437171.67,481.07,1968,16.2,66.2,4.7,-0.01,0.03,-99,-99,4,98.13,-99,-99,-99,MCS,601,-99,-99,-0.01,-99,-99,-99,-99,-99,-99
DH8~61W,NK_6403_61W,0,1.5,542718.2,7437230.81,532.89,1968,47.7,14.5,5.9,-0.01,0.18,-99,-99,8.6,97.61,-99,-99,-99,DG,435,-99,-99,-0.01,-99,-99,-99,-99,-99,-99
DH8~61W,NK_6404_61W,1.5,3,542718.2,7437230.81,531.39,1968,52.8,12.4,4.3,-0.01,0.15,-99,-99,7.1,99.63,-99,-99,-99,DG,435,-99,-99,-0.01,-99,-99,-99,-99,-99,-99
DH8~61W,NK_6405_61W,3,4.6,542718.2,7437230.81,529.84,1968,46.1,16,6.9,-0.01,0.22,-99,-99,9.1,98.41,-99,-99,-99,DG,435,-99,-99,-0.01,-99,-99,-99,-99,-99,-99
DH8~61W,NK_6406_61W,4.6,6.1,542718.2,7437230.81,528.29,1968,54.6,9.4,3,-0.01,0.18,-99,-99,8.2,99.08,-99,-99,-99,DG,435,-99,-99,-0.01,-99,-99,-99,-99,-99,-99
DH8~61W,NK_6407_61W,6.1,7.6,542718.2,7437230.81,526.79,1968,57.3,8,2.8,-0.01,0.15,-99,-99,5.7,98.77,-99,-99,-99,DG,435,-99,-99,-0.01,-99,-99,-99,-99,-99,-99
DH8~61W,NK_6408_61W,7.6,9.1,542718.2,7437230.81,525.29,1968,63.7,3.7,1.9,-0.01,0.13,-99,-99,4.2,101.17,-99,-99,-99,DG,435,-99,-99,-0.01,-99,-99,-99,-99,-99,-99
DH8~61W,NK_6409_61W,9.1,10.7,542718.2,7437230.81,523.74,1968,60.4,6,2.9,-0.01,0.14,-99,-99,4.3,99.88,-99,-99,-99,DG,435,-99,-99,-0.01,-99,-99,-99,-99,-99,-99
DH8~61W,NK_6410_61W,10.7,12.2,542718.2,7437230.81,522.19,1968,62.1,5,3.4,-0.01,0.06,-99,-99,2.8,100.12,-99,-99,-99,DG,435,-99,-99,-0.01,-99,-99,-99,-99,-99,-99
DH8~61W,NK_6411_61W,12.2,13.7,542718.2,7437230.81,520.69,1968,53.4,10.4,7.9,-0.01,0.08,-99,-99,5.4,100.23,-99,-99,-99,OTH,90,-99,-99,-0.01,-99,-99,-99,-99,-99,-99
DH8~61W,NK_6412_61W,13.7,15.2,542718.2,7437230.81,519.19,1968,36.3,22,14.8,-0.01,0.09,-99,-99,8,96.91,-99,-99,-99,OTH,90,-99,-99,-0.01,-99,-99,-99,-99,-99,-99
DH8~61W,NK_6413_61W,15.2,16.8,542718.2,7437230.81,517.64,1968,-99,-99,-99,-99,-99,-99,-99,-99,-99,-99,-99,-99,OTH,90,-99,-99,-99,-99,-99,-99,-99,-99,-99
DH8~61W,NK_6414_61W,16.8,18.3,542718.2,7437230.81,516.09,1968,22.6,48.2,11.6,-0.01,0.08,-99,-99,6.5,98.8,-99,-99,-99,OTH,90,-99,-99,-0.01,-99,-99,-99,-99,-99,-99
DH8~61W,NK_6415_61W,18.3,19.8,542718.2,7437230.81,514.59,1968,24.1,51,7.5,-0.01,0.1,-99,-99,5.5,98.69,-99,-99,-99,MCS,601,-99,-99,-0.01,-99,-99,-99,-99,-99,-99
DH8~61W,NK_6416_61W,19.8,21.3,542718.2,7437230.81,513.09,1968,24.8,54.1,3.9,-0.01,0.08,-99,-99,5.1,98.74,-99,-99,-99,MCS,601,-99,-99,-0.01,-99,-99,-99,-99,-99,-99
DH8~61W,NK_6417_61W,21.3,22.9,542718.2,7437230.81,511.54,1968,21.8,59.8,2.7,-0.01,0.06,-99,-99,4.3,98.11,-99,-99,-99,MCS,601,-99,-99,-0.01,-99,-99,-99,-99,-99,-99
DH8~61W,NK_6418_61W,22.9,24.4,542718.2,7437230.81,509.99,1968,22.6,57.9,3.6,-0.01,0.08,-99,-99,4.6,98.6,-99,-99,-99,MCS,601,-99,-99,-0.01,-99,-99,-99,-99,-99,-99
DH8~61W,NK_6419_61W,24.4,25.9,542718.2,7437230.81,508.49,1968,31,37.7,8.2,-0.01,0.13,-99,-99,7.1,97.62,-99,-99,-99,MCS,601,-99,-99,-0.01,-99,-99,-99,-99,-99,-99
DH8~61W,NK_6420_61W,25.9,27.4,542718.2,7437230.81,506.99,1968,32.7,31.3,12.9,-0.01,0.19,-99,-99,7.8,99.19,-99,-99,-99,MCS,601,-99,-99,-0.01,-99,-99,-99,-99,-99,-99
DH8~61W,NK_6421_61W,27.4,29,542718.2,7437230.81,505.44,1968,31.2,27.4,14.8,-0.01,0.2,-99,-99,8.6,95.87,-99,-99,-99,MCS,601,-99,-99,-0.01,-99,-99,-99,-99,-99,-99
DH8~61W,NK_6422_61W,29,30.5,542718.2,7437230.81,503.89,1968,-99,-99,-99,-99,-99,-99,-99,-99,-99,-99,-99,-99,MCS,601,-99,-99,-99,-99,-99,-99,-99,-99,-99
DH8~61W,NK_6423_61W,30.5,32,542718.2,7437230.81,502.39,1968,22.3,38.3,17,-0.01,0.09,-99,-99,8.7,96.09,-99,-99,-99,MCS,601,-99,-99,-0.01,-99,-99,-99,-99,-99,-99
DH8~61W,NK_6424_61W,32,33.5,542718.2,7437230.81,500.89,1968,-99,-99,-99,-99,-99,-99,-99,-99,-99,-99,-99,-99,MCS,601,-99,-99,-99,-99,-99,-99,-99,-99,-99
DH8~61W,NK_6425_61W,33.5,35.1,542718.2,7437230.81,499.34,1968,28.3,34.2,13,-0.01,0.22,-99,-99,7.3,95.47,-99,-99,-99,MCS,601,-99,-99,-0.01,-99,-99,-99,-99,-99,-99
DH8~61W,NK_6426_61W,35.1,36.6,542718.2,7437230.81,497.79,1968,38.7,23.9,8.6,-0.01,0.17,-99,-99,8.5,96.72,-99,-99,-99,MCS,601,-99,-99,-0.01,-99,-99,-99,-99,-99,-99
DH8~61W,NK_6427_61W,36.6,38.1,542718.2,7437230.81,496.29,1968,48.9,13.5,5.8,-0.01,0.18,-99,-99,8.8,98.43,-99,-99,-99,MCS,601,-99,-99,-0.01,-99,-99,-99,-99,-99,-99
DH8~61W,NK_6428_61W,38.1,39.6,542718.2,7437230.81,494.79,1968,47.5,18.2,4.6,-0.01,0.19,-99,-99,8.5,99.65,-99,-99,-99,MCS,601,-99,-99,-0.01,-99,-99,-99,-99,-99,-99
DH8~61W,NK_6429_61W,39.6,41.1,542718.2,7437230.81,493.29,1968,46.4,17.8,5.6,-0.01,0.17,-99,-99,8,98.13,-99,-99,-99,MCS,601,-99,-99,-0.01,-99,-99,-99,-99,-99,-99
DH8~61W,NK_6430_61W,41.1,42.7,542718.2,7437230.81,491.74,1968,40.4,25.8,6.2,-0.01,0.12,-99,-99,7.5,97.54,-99,-99,-99,MCS,601,-99,-99,-0.01,-99,-99,-99,-99,-99,-99
DH8~61W,NK_6431_61W,42.7,44.2,542718.2,7437230.81,490.19,1968,28.7,52.7,3.2,-0.01,0.09,-99,-99,5.6,102.74,-99,-99,-99,MCS,601,-99,-99,-0.01,-99,-99,-99,-99,-99,-99
DH8~61W,NK_6432_61W,44.2,45.7,542718.2,7437230.81,488.69,1968,22.9,56.1,5.7,-0.01,0.07,-99,-99,5.1,99.8,-99,-99,-99,MCS,601,-99,-99,-0.01,-99,-99,-99,-99,-99,-99
DH8~61W,NK_6433_61W,45.7,47.2,542718.2,7437230.81,487.19,1968,-99,-99,-99,-99,-99,-99,-99,-99,-99,-99,-99,-99,MCS,601,-99,-99,-99,-99,-99,-99,-99,-99,-99
DH8~61W,NK_6434_61W,47.2,48.8,542718.2,7437230.81,485.64,1968,34.6,34.4,9.9,-0.01,0.09,-99,-99,5.9,99.87,-99,-99,-99,MCS,601,-99,-99,-0.01,-99,-99,-99,-99,-99,-99
DH8~61W,NK_6435_61W,48.8,50.3,542718.2,7437230.81,484.09,1968,24.3,48.5,9.3,-0.01,0.06,-99,-99,5.7,98.38,-99,-99,-99,MCS,601,-99,-99,-0.01,-99,-99,-99,-99,-99,-99
DH8~61W,NK_6436_61W,50.3,51.8,542718.2,7437230.81,482.59,1968,27,40.7,9.8,-0.01,0.06,-99,-99,6.3,95.54,-99,-99,-99,MCS,601,-99,-99,-0.01,-99,-99,-99,-99,-99,-99
DH8~61W,NK_6437_61W,51.8,53.3,542718.2,7437230.81,481.09,1968,25.6,47.7,6.7,-0.01,0.08,-99,-99,5.6,96.78,-99,-99,-99,MCS,601,-99,-99,-0.01,-99,-99,-99,-99,-99,-99
DH8~61W,NK_6438_61W,53.3,54.9,542718.2,7437230.81,479.54,1968,-99,-99,-99,-99,-99,-99,-99,-99,-99,-99,-99,-99,MCS,601,-99,-99,-99,-99,-99,-99,-99,-99,-99
DH8~61W,NK_6439_61W,54.9,56.4,542718.2,7437230.81,477.99,1968,21.9,45.8,12.7,-0.01,0.05,-99,-99,7,96.93,-99,-99,-99,MCS,601,-99,-99,-0.01,-99,-99,-99,-99,-99,-99
DH8~61W,NK_6440_61W,56.4,57.9,542718.2,7437230.81,476.49,1968,23.3,49.8,8.8,-0.01,0.05,-99,-99,6,98.03,-99,-99,-99,MCS,601,-99,-99,-0.01,-99,-99,-99,-99,-99,-99
DH8~61W,NK_6441_61W,57.9,59.4,542718.2,7437230.81,474.99,1968,27,49.4,4.7,-0.01,0.07,-99,-99,5.3,98.16,-99,-99,-99,MCS,601,-99,-99,-0.01,-99,-99,-99,-99,-99,-99
DH8~61W,NK_6442_61W,59.4,61,542718.2,7437230.81,473.44,1968,19.2,52.7,11.2,-0.01,0.06,-99,-99,6.2,97.69,-99,-99,-99,MCS,601,-99,-99,-0.01,-99,-99,-99,-99,-99,-99
DH9~61W,NK_6285_61W,0,1.5,542735.72,7437288.25,524.38,1968,53.9,11.2,2.4,-0.01,0.18,-99,-99,7.7,98.77,-99,-99,-99,DG,435,-99,-99,-0.01,-99,-99,-99,-99,-99,-99
DH9~61W,NK_6286_61W,1.5,3,542735.72,7437288.25,522.88,1968,63.6,3.4,1.8,-0.01,0.1,-99,-99,3.2,99.56,-99,-99,-99,DG,435,-99,-99,-0.01,-99,-99,-99,-99,-99,-99
DH9~61W,NK_6287_61W,3,4.6,542735.72,7437288.25,521.33,1968,52.2,16.3,3.2,-0.01,0.1,-99,-99,4.8,99.16,-99,-99,-99,DG,435,-99,-99,-0.01,-99,-99,-99,-99,-99,-99
DH9~61W,NK_6288_61W,4.6,6.1,542735.72,7437288.25,519.78,1968,57,7.5,4.5,-0.01,0.21,-99,-99,7.1,101.08,-99,-99,-99,DG,435,-99,-99,-0.01,-99,-99,-99,-99,-99,-99
DH9~61W,NK_6289_61W,6.1,7.6,542735.72,7437288.25,518.28,1968,62.8,3.7,2.9,-0.01,0.09,-99,-99,3.9,100.49,-99,-99,-99,DG,435,-99,-99,-0.01,-99,-99,-99,-99,-99,-99
DH9~61W,NK_6290_61W,7.6,9.1,542735.72,7437288.25,516.78,1968,51.3,15.1,4.7,-0.01,0.14,-99,-99,6,99.47,-99,-99,-99,DG,435,-99,-99,-0.01,-99,-99,-99,-99,-99,-99
DH9~61W,NK_6291_61W,9.1,10.7,542735.72,7437288.25,515.23,1968,48.5,14.3,7.5,-0.01,0.15,-99,-99,7.9,99.39,-99,-99,-99,DG,435,-99,-99,-0.01,-99,-99,-99,-99,-99,-99
DH9~61W,NK_6292_61W,10.7,12.2,542735.72,7437288.25,513.68,1968,52.7,11.1,3.4,-0.01,0.23,-99,-99,8.4,98.77,-99,-99,-99,DG,435,-99,-99,-0.01,-99,-99,-99,-99,-99,-99
DH9~61W,NK_6293_61W,12.2,13.7,542735.72,7437288.25,512.18,1968,57,7.3,3.9,-0.01,0.21,-99,-99,7.9,101.08,-99,-99,-99,DG,435,-99,-99,-0.01,-99,-99,-99,-99,-99,-99
DH9~61W,NK_6294_61W,13.7,15.2,542735.72,7437288.25,510.68,1968,55.6,6.5,3.1,-0.01,0.22,-99,-99,9.9,99.5,-99,-99,-99,DG,435,-99,-99,-0.01,-99,-99,-99,-99,-99,-99
DH9~61W,NK_6295_61W,15.2,16.8,542735.72,7437288.25,509.13,1968,-99,-99,-99,-99,-99,-99,-99,-99,-99,-99,-99,-99,MCS,601,-99,-99,-99,-99,-99,-99,-99,-99,-99
DH9~61W,NK_6296_61W,16.8,18.3,542735.72,7437288.25,507.58,1968,-99,-99,-99,-99,-99,-99,-99,-99,-99,-99,-99,-99,MCS,601,-99,-99,-99,-99,-99,-99,-99,-99,-99
DH9~61W,NK_6297_61W,18.3,19.8,542735.72,7437288.25,506.08,1968,19.4,53.2,11.3,-0.01,0.13,-99,-99,4.4,96.93,-99,-99,-99,MCS,601,-99,-99,-0.01,-99,-99,-99,-99,-99,-99
DH9~61W,NK_6298_61W,19.8,21.3,542735.72,7437288.25,504.58,1968,22.5,45.5,13,-0.01,0.16,-99,-99,5.2,96.24,-99,-99,-99,MCS,601,-99,-99,-0.01,-99,-99,-99,-99,-99,-99
DH9~61W,NK_6299_61W,21.3,22.9,542735.72,7437288.25,503.03,1968,-99,-99,-99,-99,-99,-99,-99,-99,-99,-99,-99,-99,MCS,601,-99,-99,-99,-99,-99,-99,-99,-99,-99
DH9~61W,NK_6300_61W,22.9,24.4,542735.72,7437288.25,501.48,1968,-99,-99,-99,-99,-99,-99,-99,-99,-99,-99,-99,-99,MCS,601,-99,-99,-99,-99,-99,-99,-99,-99,-99
DH9~61W,NK_6301_61W,24.4,25.9,542735.72,7437288.25,499.98,1968,-99,-99,-99,-99,-99,-99,-99,-99,-99,-99,-99,-99,MCS,601,-99,-99,-99,-99,-99,-99,-99,-99,-99
DH9~61W,NK_6302_61W,25.9,27.4,542735.72,7437288.25,498.48,1968,18.4,48.8,17.4,-0.01,0.09,-99,-99,6.6,99.31,-99,-99,-99,MCS,601,-99,-99,-0.01,-99,-99,-99,-99,-99,-99
DH9~61W,NK_6303_61W,27.4,29,542735.72,7437288.25,496.93,1968,15.4,61.3,10.2,-0.01,0.07,-99,-99,4.5,98.18,-99,-99,-99,MCS,601,-99,-99,-0.01,-99,-99,-99,-99,-99,-99
DH9~61W,NK_6304_61W,29,30.5,542735.72,7437288.25,495.38,1968,20.1,46.7,13.4,-0.01,0.12,-99,-99,6.6,95.71,-99,-99,-99,MCS,601,-99,-99,-0.01,-99,-99,-99,-99,-99,-99
DH9~61W,NK_6305_61W,30.5,32,542735.72,7437288.25,493.88,1968,-99,-99,-99,-99,-99,-99,-99,-99,-99,-99,-99,-99,MCS,601,-99,-99,-99,-99,-99,-99,-99,-99,-99
DH9~61W,NK_6306_61W,32,33.5,542735.72,7437288.25,492.38,1968,34.4,30,11.9,-0.01,0.15,-99,-99,8.3,99.73,-99,-99,-99,MCS,601,-99,-99,-0.01,-99,-99,-99,-99,-99,-99
DH9~61W,NK_6307_61W,33.5,35.1,542735.72,7437288.25,490.83,1968,28.7,32.2,13.4,-0.01,0.11,-99,-99,9.3,96.19,-99,-99,-99,MCS,601,-99,-99,-0.01,-99,-99,-99,-99,-99,-99
DH9~61W,NK_6308_61W,35.1,36.6,542735.72,7437288.25,489.28,1968,17.8,55.3,13.2,-0.01,0.11,-99,-99,5.7,99.9,-99,-99,-99,MCS,601,-99,-99,-0.01,-99,-99,-99,-99,-99,-99
DH9~61W,NK_6309_61W,36.6,38.1,542735.72,7437288.25,487.78,1968,15.6,54.9,12.2,-0.01,0.06,-99,-99,6.2,95.74,-99,-99,-99,MCS,601,-99,-99,-0.01,-99,-99,-99,-99,-99,-99
DH9~61W,NK_6310_61W,38.1,39.6,542735.72,7437288.25,486.28,1968,17.3,52.2,12.1,-0.01,0.07,-99,-99,6,95.19,-99,-99,-99,MCS,601,-99,-99,-0.01,-99,-99,-99,-99,-99,-99
DH9~61W,NK_6311_61W,39.6,41.1,542735.72,7437288.25,484.78,1968,-99,-99,-99,-99,-99,-99,-99,-99,-99,-99,-99,-99,MCS,601,-99,-99,-99,-99,-99,-99,-99,-99,-99
DH9~61W,NK_6312_61W,41.1,42.7,542735.72,7437288.25,483.23,1968,-99,-99,-99,-99,-99,-99,-99,-99,-99,-99,-99,-99,MCS,601,-99,-99,-99,-99,-99,-99,-99,-99,-99
DH9~61W,NK_6313_61W,42.7,44.2,542735.72,7437288.25,481.68,1968,-99,-99,-99,-99,-99,-99,-99,-99,-99,-99,-99,-99,MCS,601,-99,-99,-99,-99,-99,-99,-99,-99,-99
DH9~61W,NK_6314_61W,44.2,45.7,542735.72,7437288.25,480.18,1968,19.9,46.8,13.4,-0.01,0.08,-99,-99,6.3,95.13,-99,-99,-99,MCS,601,-99,-99,-0.01,-99,-99,-99,-99,-99,-99
DH9~61W,NK_6315_61W,45.7,47.2,542735.72,7437288.25,478.68,1968,19.1,51.7,13.2,-0.01,0.07,-99,-99,6.3,98.67,-99,-99,-99,MCS,601,-99,-99,-0.01,-99,-99,-99,-99,-99,-99
DH9~61W,NK_6316_61W,47.2,48.8,542735.72,7437288.25,477.13,1968,17.6,52.5,14.2,-0.01,0.08,-99,-99,6.1,98.15,-99,-99,-99,MCS,601,-99,-99,-0.01,-99,-99,-99,-99,-99,-99
DH9~61W,NK_6317_61W,48.8,50.3,542735.72,7437288.25,475.58,1968,-99,-99,-99,-99,-99,-99,-99,-99,-99,-99,-99,-99,MCS,601,-99,-99,-99,-99,-99,-99,-99,-99,-99
DH9~61W,NK_6318_61W,50.3,51.8,542735.72,7437288.25,474.08,1968,-99,-99,-99,-99,-99,-99,-99,-99,-99,-99,-99,-99,MCS,601,-99,-99,-99,-99,-99,-99,-99,-99,-99
DH9~61W,NK_6319_61W,51.8,53.3,542735.72,7437288.25,472.58,1968,15.5,53.6,12.9,-0.01,0.06,-99,-99,6.6,95.4,-99,-99,-99,MCS,601,-99,-99,-0.01,-99,-99,-99,-99,-99,-99
DH9~61W,NK_6320_61W,53.3,54.9,542735.72,7437288.25,471.03,1968,-99,-99,-99,-99,-99,-99,-99,-99,-99,-99,-99,-99,MCS,601,-99,-99,-99,-99,-99,-99,-99,-99,-99
DH9~61W,NK_6321_61W,54.9,56.4,542735.72,7437288.25,469.48,1968,-99,-99,-99,-99,-99,-99,-99,-99,-99,-99,-99,-99,MCS,601,-99,-99,-99,-99,-99,-99,-99,-99,-99
DH9~61W,NK_6322_61W,56.4,57.9,542735.72,7437288.25,467.98,1968,-99,-99,-99,-99,-99,-99,-99,-99,-99,-99,-99,-99,MCS,601,-99,-99,-99,-99,-99,-99,-99,-99,-99
DH9~61W,NK_6323_61W,57.9,59.4,542735.72,7437288.25,466.48,1968,-99,-99,-99,-99,-99,-99,-99,-99,-99,-99,-99,-99,MCS,601,-99,-99,-99,-99,-99,-99,-99,-99,-99
DH9~61W,NK_6324_61W,59.4,61,542735.72,7437288.25,464.93,1968,-99,-99,-99,-99,-99,-99,-99,-99,-99,-99,-99,-99,MCS,601,-99,-99,-99,-99,-99,-99,-99,-99,-99
